name,wmc,dit,noc,cbo,rfc,lcom,ca,ce,npm,lcom3,loc,dam,moa,mfa,cam,ic,cbm,amc,max_cc,avg_cc,Size,Ties,Pairs,Density,nWeakComp,pWeakComp,2StepReach,ReachEffic,Broker,nBroker,EgoBetween,nEgoBetween,Closeness Centrality,Betweenness Centrality,in_degree,out_degree,degree,bug
org.apache.velocity.Template,5,2,0,27,35,0,13,15,5,0.25,319,1,1,0.818181818,0.5,1,1,62.6,1,0.8,27.0,105.0,702.0,14.95726490020752,1.0,3.7037036418914795,8.707979202270508,28.628496170043945,298.5,0.8504273295402527,107.55000305175781,15.320512771606445,0.28177641653905,0.000277249511371126,13.0,15.0,28.0,1
org.apache.velocity.VelocityContext,10,3,0,7,20,3,5,2,10,0.555555556,86,1,0,0.833333333,0.38,1,4,7.4,1,0.6,7.0,10.0,42.0,23.809524536132812,1.0,14.285714149475098,3.0376670360565186,65.21739196777344,16.0,0.761904776096344,5.0,11.904762268066406,0.171962616822429,3.03563523963255e-05,5.0,2.0,7.0,0
org.apache.velocity.anakia.AnakiaElement,12,3,0,8,30,64,1,7,11,1,93,1,0,0.920454545,0.606060606,1,2,6.583333333,1,0.5833,8.0,11.0,56.0,19.64285659790039,1.0,12.5,3.199676036834717,53.02013397216797,22.5,0.8035714030265808,5.0,8.928571701049805,0.308285163776493,2.11701270798419e-05,1.0,7.0,8.0,0
org.apache.velocity.anakia.AnakiaJDOMFactory,5,2,0,5,10,10,1,4,5,2,32,0,0,0.862068966,0.666666667,0,0,5.4,1,0.8,5.0,6.0,20.0,30.0,1.0,20.0,2.956662654876709,58.870967864990234,7.0,0.699999988079071,2.5,12.5,0.25,4.85490640396891e-07,1.0,4.0,5.0,0
org.apache.velocity.anakia.AnakiaTask,15,4,0,22,89,51,1,22,11,0.826530612,776,0.857142857,1,0.847826087,0.373333333,2,2,49.8,5,1.4667,18.0,21.0,306.0,6.86274528503418,4.0,22.22222137451172,6.196840763092041,52.21842956542969,142.5,0.9313725233078003,13.5,4.411764621734619,0.246898263027295,5.96504864377867e-05,1.0,18.0,19.0,0
org.apache.velocity.anakia.Escape,3,1,0,1,10,1,1,0,2,0.5,84,0,0,0,0.5,0,0,26.66666667,10,3.3333,1.0,0.0,0.0,0.0,1.0,100.0,0.7290400862693787,100.0,0.0,0.0,0.0,0.0,0.0,0.0,1.0,0.0,1.0,0
org.apache.velocity.anakia.NodeList,37,1,0,16,92,0,3,13,34,0.5,438,1,1,0,0.177777778,1,1,10.78378378,12,1.1351,16.0,27.0,240.0,11.25,1.0,6.25,3.361684799194336,30.18181800842285,106.5,0.887499988079071,20.0,8.333333015441895,0.309338521400778,2.53309168726633e-05,3.0,13.0,16.0,0
org.apache.velocity.anakia.OutputWrapper,3,2,0,4,8,3,1,3,3,2,23,0,0,0.984615385,0.5,1,1,6.666666667,1,0.3333,4.0,4.0,12.0,33.33333206176758,1.0,25.0,3.078169345855713,74.50980377197266,4.0,0.6666666865348816,1.0,8.333333015441895,0.431818181818181,6.15410670925636e-07,1.0,3.0,4.0,0
org.apache.velocity.anakia.TreeWalker,3,1,0,3,11,3,1,2,2,2,41,0,0,0,0.666666667,0,0,12.66666667,2,1,3.0,2.0,6.0,33.33333206176758,1.0,33.33333206176758,2.9161603450775146,79.12088012695312,2.0,0.6666666865348816,1.0,16.66666603088379,0.244274809160305,4.92328536740509e-07,1.0,2.0,3.0,0
org.apache.velocity.anakia.XPathCache,3,1,0,4,8,1,3,1,0,0.5,45,1,0,0,0.5,0,0,13.66666667,2,0.6667,4.0,5.0,12.0,41.66666793823242,1.0,25.0,1.2960712909698486,68.0851058959961,3.5,0.5833333134651184,0.0,0.0,0.275132275132275,0.0,3.0,1.0,4.0,0
org.apache.velocity.anakia.XPathTool,4,1,0,6,10,6,1,5,4,2,34,0,0,0,0.5,0,0,7.5,1,0.75,6.0,11.0,30.0,36.66666793823242,1.0,16.66666603088379,3.4426894187927246,54.83871078491211,9.5,0.6333333253860474,3.0,10.0,0.299065420560747,3.95503924514875e-05,1.0,5.0,6.0,0
org.apache.velocity.app.FieldMethodizer,7,1,0,1,26,1,0,1,6,0,149,1,0,0,0.464285714,0,0,20.14285714,4,1,1.0,0.0,0.0,0.0,1.0,100.0,0.36452004313468933,100.0,0.0,0.0,0.0,0.0,1.0,0.0,0.0,1.0,1.0,0
org.apache.velocity.app.Velocity,25,1,0,13,59,300,1,12,25,2,220,0,0,0,0.16,0,0,7.8,2,1,13.0,40.0,156.0,25.64102554321289,1.0,7.692307472229004,7.128392219543457,37.36730194091797,58.0,0.7435897588729858,2.2833333015441895,1.4636752605438232,0.292046936114732,9.08307076592847e-06,1.0,12.0,13.0,1
org.apache.velocity.app.VelocityEngine,28,1,0,12,60,0,3,9,28,0,278,1,1,0,0.25,0,0,8.892857143,2,0.9286,12.0,24.0,132.0,18.18181800842285,1.0,8.333333015441895,6.601862907409668,45.53072738647461,54.0,0.8181818127632141,12.0,9.090909004211426,0.289610389610389,0.000103414390616211,3.0,9.0,12.0,1
org.apache.velocity.app.event.EventCartridge,15,1,0,17,28,29,9,10,15,0.69047619,371,0.833333333,0,0,0.177777778,0,0,23.33333333,7,1.8667,17.0,31.0,272.0,11.397058486938477,1.0,5.882352828979492,4.819765090942383,43.115943908691406,120.5,0.8860294222831726,70.33333587646484,25.85784339904785,0.253443526170798,0.000348681300729421,9.0,10.0,19.0,0
org.apache.velocity.app.event.EventHandler,0,1,0,16,0,0,16,0,0,2,0,0,0,0,0,0,0,0,0,0,16.0,34.0,240.0,14.166666984558105,1.0,6.25,2.7946536540985107,43.125,103.0,0.8583333492279053,0.0,0.0,0.0,0.0,16.0,0.0,16.0,0
org.apache.velocity.app.event.EventHandlerMethodExecutor,3,1,0,9,3,3,8,1,3,2,3,0,0,0,0.666666667,0,0,0,1,1,9.0,15.0,72.0,20.83333396911621,1.0,11.11111068725586,1.13406240940094,35.44303894042969,28.5,0.7916666865348816,0.0,0.0,1.0,0.0,8.0,1.0,9.0,0
org.apache.velocity.app.event.EventHandlerUtil,12,1,0,21,35,66,6,15,9,2,337,0,0,0,0.295454545,0,0,27.08333333,7,2,21.0,50.0,420.0,11.904762268066406,2.0,9.523809432983398,6.480356216430664,40.92071533203125,185.0,0.8809523582458496,66.58333587646484,15.853174209594727,0.269399707174231,0.000275355863310442,6.0,15.0,21.0,0
org.apache.velocity.app.event.IncludeEventHandler,1,1,0,6,1,0,5,1,1,2,1,0,0,0,1,0,0,0,1,1,6.0,4.0,30.0,13.333333015441895,3.0,50.0,2.3491291999816895,66.66666412353516,13.0,0.8666666746139526,2.0,6.666666507720947,1.0,3.28219024493672e-07,5.0,1.0,6.0,0
org.apache.velocity.app.event.InvalidReferenceEventHandler,3,1,0,9,3,3,6,3,3,2,3,0,0,0,0.933333333,0,0,0,1,1,9.0,16.0,72.0,22.22222137451172,1.0,11.11111068725586,3.1591737270355225,50.649349212646484,28.0,0.7777777910232544,3.0,4.166666507720947,0.157804459691252,1.26364324430064e-06,6.0,3.0,9.0,1
org.apache.velocity.app.event.MethodExceptionEventHandler,1,1,0,5,1,0,4,1,1,2,1,0,0,0,1,0,0,0,1,1,5.0,4.0,20.0,20.0,2.0,40.0,2.308626890182495,67.85713958740234,8.0,0.800000011920929,1.0,5.0,1.0,1.64109512246836e-07,4.0,1.0,5.0,0
org.apache.velocity.app.event.NullSetEventHandler,1,1,0,4,1,0,3,1,1,2,1,0,0,0,1,0,0,0,1,1,4.0,4.0,12.0,33.33333206176758,1.0,25.0,2.26812481880188,69.13580322265625,4.0,0.6666666865348816,0.0,0.0,1.0,0.0,3.0,1.0,4.0,0
org.apache.velocity.app.event.ReferenceInsertionEventHandler,1,1,0,5,1,0,4,1,1,2,1,0,0,0,1,0,0,0,1,1,5.0,4.0,20.0,20.0,2.0,40.0,2.551640272140503,67.74193572998047,8.0,0.800000011920929,1.0,5.0,1.0,8.20547561234182e-07,4.0,1.0,5.0,0
org.apache.velocity.app.event.implement.EscapeHtmlReference,3,2,0,2,6,3,0,2,1,2,12,0,0,0.714285714,0.666666667,1,2,3,1,0.6667,2.0,0.0,2.0,0.0,2.0,100.0,0.6480356454849243,84.21052551269531,1.0,1.0,0.0,0.0,0.245714285714285,0.0,0.0,2.0,2.0,0
org.apache.velocity.app.event.implement.EscapeJavaScriptReference,3,2,0,2,6,3,0,2,1,2,12,0,0,0.714285714,0.666666667,1,2,3,1,0.6667,2.0,0.0,2.0,0.0,2.0,100.0,0.6480356454849243,84.21052551269531,1.0,1.0,0.0,0.0,0.245714285714285,0.0,0.0,2.0,2.0,0
org.apache.velocity.app.event.implement.EscapeReference,6,1,4,12,18,7,4,8,3,0.666666667,99,1,1,0,0.416666667,0,0,15,4,1.8333,12.0,4.0,132.0,3.0303030014038086,8.0,66.66666412353516,5.791818618774414,62.9955940246582,64.0,0.9696969985961914,32.0,24.24242401123047,0.267834793491864,0.000116025425158513,4.0,8.0,12.0,0
org.apache.velocity.app.event.implement.EscapeSqlReference,3,2,0,2,6,3,0,2,1,2,12,0,0,0.714285714,0.666666667,1,2,3,1,0.6667,2.0,0.0,2.0,0.0,2.0,100.0,0.6480356454849243,84.21052551269531,1.0,1.0,0.0,0.0,0.245714285714285,0.0,0.0,2.0,2.0,0
org.apache.velocity.app.event.implement.EscapeXmlReference,3,2,0,2,6,3,0,2,1,2,12,0,0,0.714285714,0.666666667,1,2,3,1,0.6667,2.0,0.0,2.0,0.0,2.0,100.0,0.6480356454849243,84.21052551269531,1.0,1.0,0.0,0.0,0.245714285714285,0.0,0.0,2.0,2.0,0
org.apache.velocity.app.event.implement.IncludeNotFound,3,1,0,5,12,0,0,5,3,0.875,61,0.75,1,0,0.555555556,0,0,18,4,1.6667,5.0,2.0,20.0,10.0,3.0,60.0,4.779263019561768,66.66666412353516,9.0,0.8999999761581421,0.0,0.0,0.252032520325203,0.0,0.0,5.0,5.0,1
org.apache.velocity.app.event.implement.IncludeRelativePath,2,1,0,1,10,1,0,1,2,2,42,0,0,0,0.75,0,0,20,4,2,1.0,0.0,0.0,0.0,1.0,100.0,0.24301336705684662,100.0,0.0,0.0,0.0,0.0,0.666666666666666,0.0,0.0,1.0,1.0,0
org.apache.velocity.app.event.implement.InvalidReferenceInfo,3,2,0,2,14,0,1,1,3,0,42,1,0,0.666666667,0.555555556,0,0,12.66666667,1,0.6667,2.0,1.0,2.0,50.0,1.0,50.0,1.012555718421936,86.20689392089844,0.5,0.5,0.0,0.0,0.156646909398814,0.0,1.0,1.0,2.0,0
org.apache.velocity.app.event.implement.PrintExceptions,5,1,0,3,19,2,0,3,3,0.666666667,157,1,1,0,0.333333333,0,0,29.8,3,1,3.0,1.0,6.0,16.66666603088379,2.0,66.66666412353516,3.078169345855713,88.3720932006836,2.5,0.8333333134651184,0.0,0.0,0.24966261808367,0.0,0.0,3.0,3.0,0
org.apache.velocity.app.event.implement.ReportInvalidReferences,7,1,0,8,20,11,0,8,6,0.5,91,0.333333333,0,0,0.5,0,0,11.57142857,2,1.1429,8.0,8.0,56.0,14.285714149475098,1.0,12.5,4.738760471343994,58.5,24.0,0.8571428656578064,0.0,0.0,0.254445964432284,0.0,0.0,8.0,8.0,0
org.apache.velocity.app.tools.VelocityFormatter,18,1,0,3,36,133,2,3,18,0.764705882,298,0,1,0,0.333333333,0,0,15.5,4,1.3889,3.0,1.0,6.0,16.66666603088379,2.0,66.66666412353516,1.3770757913589478,94.44444274902344,2.5,0.8333333134651184,3.0,50.0,1.0,4.92328536740509e-07,2.0,3.0,5.0,0
org.apache.velocity.context.AbstractContext,13,2,1,5,18,58,1,4,13,0.666666667,103,1,1,0.633333333,0.461538462,0,0,6.846153846,4,1.4615,5.0,6.0,20.0,30.0,1.0,20.0,1.7820980548858643,64.70587921142578,7.0,0.699999988079071,3.0,15.0,0.206509539842873,3.11768999575597e-05,1.0,4.0,5.0,0
org.apache.velocity.context.ChainedInternalContextAdapter,28,1,3,8,55,0,3,5,28,0,162,1,1,0,0.178571429,0,0,4.75,1,0.9643,8.0,6.0,56.0,10.714285850524902,3.0,37.5,4.860267162322998,71.42857360839844,25.0,0.8928571343421936,10.0,17.85714340209961,0.209567198177676,2.61035716075289e-05,3.0,5.0,8.0,1
org.apache.velocity.context.Context,5,1,0,32,5,10,32,0,5,2,5,0,0,0,0.666666667,0,0,0,1,1,32.0,68.0,992.0,6.854838848114014,3.0,9.375,7.452409744262695,38.49372482299805,462.0,0.9314516186714172,0.0,0.0,0.0,0.0,32.0,0.0,32.0,0
org.apache.velocity.context.EvaluateContext,11,2,0,7,39,7,1,6,9,0.666666667,245,0,1,0.72972973,0.333333333,0,0,21,5,1.9091,7.0,8.0,42.0,19.047618865966797,2.0,28.571428298950195,6.561360836029053,57.446807861328125,17.0,0.8095238208770752,2.5,5.952381134033203,0.256198347107438,4.26684731841774e-07,1.0,6.0,7.0,1
org.apache.velocity.context.InternalContextAdapter,0,1,0,67,0,0,64,4,0,2,0,0,0,0,0,0,0,0,0,0,67.0,178.0,4422.0,4.025327682495117,1.0,1.492537260055542,6.35884952545166,17.348066329956055,2122.0,0.9597467184066772,236.0,5.336951732635498,0.173258003766478,0.000149739606554777,64.0,4.0,68.0,0
org.apache.velocity.context.InternalContextAdapterImpl,28,1,0,11,54,24,3,8,28,0.679012346,198,0,3,0,0.178571429,0,0,5.964285714,2,1.0357,11.0,23.0,110.0,20.909090042114258,1.0,9.090909004211426,5.508303165435791,55.06072998046875,43.5,0.7909091114997864,11.833333015441895,10.757575988769531,0.210045662100456,3.92202694483822e-05,3.0,8.0,11.0,1
org.apache.velocity.context.InternalContextBase,20,1,1,7,31,110,2,5,19,0.881578947,160,1,2,0,0.18125,0,0,6.6,2,1.05,7.0,11.0,42.0,26.190475463867188,1.0,14.285714149475098,1.7820980548858643,59.4594612121582,15.5,0.738095223903656,3.0,7.142857074737549,0.207674943566591,2.15686787524413e-06,2.0,5.0,7.0,1
org.apache.velocity.context.InternalEventContext,2,1,0,5,2,1,5,1,2,2,2,0,0,0,0.75,0,0,0,1,1,5.0,6.0,20.0,30.0,1.0,20.0,3.3211827278137207,76.63551330566406,7.0,0.699999988079071,1.0,5.0,0.202420242024202,4.82056950786211e-05,5.0,1.0,6.0,0
org.apache.velocity.context.InternalHousekeepingContext,17,1,0,5,17,136,3,2,17,2,17,0,0,0,0.210084034,0,0,0,1,1,5.0,6.0,20.0,30.0,1.0,20.0,3.6046981811523438,76.72413635253906,7.0,0.699999988079071,2.0,10.0,0.202197802197802,4.82353594650706e-05,3.0,2.0,5.0,1
org.apache.velocity.context.InternalWrapperContext,3,1,0,2,3,3,1,2,3,2,3,0,0,0,0.555555556,0,0,0,1,1,2.0,1.0,2.0,50.0,1.0,50.0,3.6046981811523438,89.89898681640625,0.5,0.5,0.0,0.0,0.147909967845659,0.0,1.0,2.0,3.0,0
org.apache.velocity.context.ProxyVMContext,10,2,0,9,46,0,1,8,8,0.555555556,296,0.5,1,0.75,0.385714286,0,0,28.2,9,2.6,9.0,20.0,72.0,27.77777862548828,1.0,11.11111068725586,6.399352073669434,38.44282150268555,26.0,0.7222222089767456,2.0,2.777777671813965,0.273402674591381,3.17682682254396e-05,1.0,8.0,9.0,1
org.apache.velocity.convert.WebMacro,10,1,0,3,40,39,0,3,4,0.962962963,470,1,0,0,0.388888889,0,0,45.7,8,2.3,2.0,0.0,2.0,0.0,2.0,100.0,1.13406240940094,96.55172729492188,1.0,1.0,0.0,0.0,0.432835820895522,0.0,0.0,2.0,2.0,0
org.apache.velocity.exception.ExtendedParseException,3,1,0,5,3,3,5,0,3,2,3,0,0,0,1,0,0,0,1,1,5.0,0.0,20.0,0.0,5.0,100.0,2.7946536540985107,58.47457504272461,10.0,1.0,0.0,0.0,0.0,0.0,5.0,0.0,5.0,0
org.apache.velocity.exception.MacroOverflowException,3,5,0,2,6,3,1,1,3,1.5,17,1,0,1,0.777777778,0,0,4.333333333,0,0,2.0,1.0,2.0,50.0,1.0,50.0,2.025111436843872,89.28571319580078,0.5,0.5,0.0,0.0,0.666666666666666,0.0,1.0,1.0,2.0,0
org.apache.velocity.exception.MathException,1,5,0,4,2,0,3,1,1,2,5,0,0,1,1,0,0,4,0,0,4.0,2.0,12.0,16.66666603088379,2.0,50.0,2.187120199203491,75.0,5.0,0.8333333134651184,3.0,25.0,0.666666666666666,3.41894817180909e-07,3.0,1.0,4.0,0
org.apache.velocity.exception.MethodInvocationException,8,5,0,46,14,6,43,3,8,0.80952381,79,1,0,0.666666667,0.375,1,1,8.125,1,0.875,46.0,122.0,2070.0,5.893719673156738,2.0,4.34782600402832,7.006885528564453,22.793148040771484,974.0,0.9410628080368042,92.75,4.480676174163818,0.186612576064908,6.46363775521219e-05,43.0,3.0,46.0,0
org.apache.velocity.exception.ParseErrorException,9,5,0,33,19,0,28,5,9,0.625,204,1,0,0.777777778,0.355555556,0,0,21.11111111,1,0.4444,33.0,98.0,1056.0,9.280303001403809,3.0,9.090909004211426,7.533414363861084,28.012048721313477,479.0,0.9071969985961914,98.9000015258789,9.365530014038086,0.158894645941278,3.56102029203709e-05,28.0,5.0,33.0,0
org.apache.velocity.exception.ResourceNotFoundException,3,5,0,38,6,3,37,1,3,1.5,17,1,0,1,0.777777778,0,0,4.333333333,0,0,38.0,120.0,1406.0,8.53485107421875,2.0,5.263157844543457,7.2093963623046875,25.909751892089844,643.0,0.9146515130996704,18.41666603088379,1.309862494468689,0.666666666666666,6.49559439494669e-06,37.0,1.0,38.0,0
org.apache.velocity.exception.TemplateInitException,5,5,0,28,7,0,25,3,5,0.6875,45,1,0,0.823529412,0.5,0,0,7.2,1,0.6,28.0,69.0,756.0,9.126984596252441,2.0,7.142857074737549,6.196840763092041,27.868852615356445,343.5,0.908730149269104,57.0,7.539682388305664,0.714285714285714,1.1630955359977e-05,25.0,3.0,28.0,0
org.apache.velocity.exception.VelocityException,4,4,6,38,7,0,37,1,4,0.666666667,35,1,0,0.928571429,0.666666667,0,0,7.25,1,0.25,38.0,72.0,1406.0,5.120910167694092,9.0,23.6842098236084,7.290400981903076,29.508195877075195,667.0,0.9487909078598022,36.0,2.560455083847046,1.0,2.24423628934539e-05,37.0,1.0,38.0,0
org.apache.velocity.io.UnicodeInputStream,18,2,0,4,36,0,1,3,13,0.79144385,375,0.545454545,5,0.375,0.226890756,1,2,19.22222222,1,0.8333,4.0,1.0,12.0,8.333333015441895,3.0,75.0,0.6885378956794739,85.0,5.5,0.9166666865348816,3.0,25.0,1.0,4.10273780617091e-07,1.0,3.0,4.0,0
org.apache.velocity.io.VelocityWriter,19,2,0,1,29,61,1,0,14,0.709876543,342,0.666666667,0,0.464285714,0.305555556,1,2,16.52631579,2,0.8421,1.0,0.0,0.0,0.0,1.0,100.0,0.6885378956794739,100.0,0.0,0.0,0.0,0.0,0.0,0.0,1.0,0.0,1.0,0
org.apache.velocity.runtime.ParserPool,3,1,0,4,3,3,2,2,3,2,3,0,0,0,0.555555556,0,0,0,1,1,4.0,6.0,12.0,50.0,1.0,25.0,5.751316547393799,75.13227844238281,3.0,0.5,0.0,0.0,0.286821705426356,0.0,2.0,2.0,4.0,0
org.apache.velocity.runtime.ParserPoolImpl,4,1,0,6,18,0,0,6,4,0.333333333,74,0,1,0,0.5,0,0,17,3,1.25,6.0,7.0,30.0,23.33333396911621,2.0,33.33333206176758,6.156338691711426,66.08695983886719,11.5,0.7666666507720947,0.0,0.0,0.291277258566978,0.0,0.0,6.0,6.0,0
org.apache.velocity.runtime.Renderable,1,1,0,6,1,0,2,4,1,2,1,0,0,0,1,0,0,0,1,1,6.0,3.0,30.0,10.0,3.0,50.0,4.171729564666748,47.24770736694336,13.5,0.8999999761581421,5.0,16.66666603088379,0.165170556552962,3.99333146467302e-07,2.0,4.0,6.0,0
org.apache.velocity.runtime.Runtime,30,1,0,10,60,435,0,10,30,2,133,0,0,0,0.133333333,0,0,3.433333333,1,0.9667,10.0,19.0,90.0,21.11111068725586,1.0,10.0,4.61725378036499,44.015445709228516,35.5,0.7888888716697693,0.0,0.0,0.272838002436053,0.0,0.0,10.0,10.0,0
org.apache.velocity.runtime.RuntimeConstants,0,1,0,5,0,0,5,0,0,2,60,0,0,0,0,0,0,0,0,0,5.0,5.0,20.0,25.0,1.0,20.0,1.944106936454773,50.0,7.5,0.75,0.0,0.0,0.0,0.0,5.0,0.0,5.0,1
org.apache.velocity.runtime.RuntimeInstance,62,1,0,42,165,1423,3,39,48,0.827512473,1691,0.608695652,7,0,0.135483871,0,0,25.90322581,6,1.3226,42.0,143.0,1722.0,8.30429744720459,2.0,4.761904716491699,9.031996726989746,23.52320671081543,789.5,0.9169570207595825,63.96666717529297,3.714672803878784,0.392226148409893,0.000188645317029829,3.0,39.0,42.0,1
org.apache.velocity.runtime.RuntimeLogger,4,1,0,8,4,6,8,0,4,2,4,0,0,0,1,0,0,0,1,1,8.0,15.0,56.0,26.785715103149414,1.0,12.5,4.050222873687744,66.66666412353516,20.5,0.7321428656578064,0.0,0.0,0.0,0.0,8.0,0.0,8.0,0
org.apache.velocity.runtime.RuntimeServices,40,1,0,73,40,780,63,16,40,2,40,0,0,0,0.1875,0,0,0,1,1,73.0,282.0,5256.0,5.365296840667725,1.0,1.3698630332946777,10.247063636779785,21.605464935302734,2487.0,0.9463470578193665,1440.35400390625,27.403995513916016,0.327985739750445,0.00237070866873827,63.0,16.0,79.0,1
org.apache.velocity.runtime.RuntimeSingleton,40,1,0,19,78,0,3,16,39,0.025641026,208,1,1,0,0.105128205,0,0,4.175,1,0.95,19.0,73.0,342.0,21.345029830932617,1.0,5.263157844543457,7.735925674438477,33.15972137451172,134.5,0.7865496873855591,16.149999618530273,4.722222328186035,0.305061559507523,3.34278051882341e-05,3.0,16.0,19.0,1
org.apache.velocity.runtime.VelocimacroFactory,15,1,0,18,63,9,1,17,8,0.603174603,830,1,3,0,0.333333333,0,0,53.73333333,12,3.6,18.0,52.0,306.0,16.99346351623535,1.0,5.55555534362793,7.816929817199707,36.41509246826172,127.0,0.8300653696060181,7.333333492279053,2.3965141773223877,0.333333333333333,5.33556493094964e-05,1.0,17.0,18.0,0
org.apache.velocity.runtime.VelocimacroManager,14,1,0,7,33,47,1,6,9,0.721153846,344,1,0,0,0.384615385,0,0,23,9,2.5714,7.0,9.0,42.0,21.428571701049805,2.0,28.571428298950195,4.333738327026367,62.20930099487305,16.5,0.7857142686843872,3.0,7.142857074737549,0.292379471228615,5.90794244088611e-06,1.0,6.0,7.0,1
org.apache.velocity.runtime.directive.Break,5,2,0,9,8,10,0,9,5,2,22,0,0,0.692307692,0.44,0,0,3.4,1,0.8,9.0,16.0,72.0,22.22222137451172,2.0,22.22222137451172,5.467800617218018,37.087913513183594,28.0,0.7777777910232544,0.0,0.0,0.256906077348066,0.0,0.0,9.0,9.0,1
org.apache.velocity.runtime.directive.Define,9,2,0,9,26,24,1,9,5,0.85,119,1,2,0.529411765,0.296296296,0,0,11.66666667,2,1,9.0,14.0,72.0,19.44444465637207,2.0,22.22222137451172,6.601862907409668,43.93531036376953,29.0,0.8055555820465088,4.0,5.55555534362793,0.281818181818181,1.45948059558186e-05,1.0,9.0,10.0,1
org.apache.velocity.runtime.directive.Directive,10,1,9,26,11,31,19,8,10,0.777777778,54,1,1,0,0.271428571,0,0,4,1,0.9,23.0,91.0,506.0,17.984189987182617,2.0,8.69565200805664,7.006885528564453,27.90322494506836,207.5,0.8201581239700317,34.75,6.867588996887207,0.255201109570041,4.02979551250098e-05,16.0,8.0,24.0,1
org.apache.velocity.runtime.directive.DirectiveConstants,0,1,0,1,0,0,1,0,0,2,2,0,0,0,0,0,0,0,0,0,1.0,0.0,0.0,0.0,1.0,100.0,0.9315512180328369,100.0,0.0,0.0,0.0,0.0,0.0,0.0,1.0,0.0,1.0,0
org.apache.velocity.runtime.directive.Evaluate,5,2,0,14,31,10,0,14,5,2,239,0,0,0.692307692,0.44,0,0,46.8,1,0.8,14.0,35.0,182.0,19.230770111083984,1.0,7.142857074737549,6.682867527008057,32.101165771484375,73.5,0.807692289352417,0.0,0.0,0.282904689863842,0.0,0.0,14.0,14.0,1
org.apache.velocity.runtime.directive.Foreach,6,2,0,18,48,13,0,18,5,0.8,325,1,1,0.642857143,0.357142857,0,0,52,1,0.8333,18.0,54.0,306.0,17.647058486938477,2.0,11.11111068725586,7.290400981903076,28.037384033203125,126.0,0.8235294222831726,0.0,0.0,0.29936305732484,0.0,0.0,18.0,18.0,1
org.apache.velocity.runtime.directive.Include,7,3,0,13,31,9,0,13,5,0.5,298,1,0,0.625,0.428571429,0,0,41.28571429,1,0.8571,12.0,25.0,132.0,18.939393997192383,1.0,8.333333015441895,6.763872146606445,34.36214065551758,53.5,0.810606062412262,0.0,0.0,0.270742358078602,0.0,0.0,12.0,12.0,1
org.apache.velocity.runtime.directive.InputBase,2,2,2,6,6,1,2,4,1,2,19,0,0,0.9,0.75,0,0,8.5,2,1,6.0,9.0,30.0,30.0,1.0,16.66666603088379,5.062778472900391,58.685447692871094,10.5,0.699999988079071,2.0,6.666666507720947,0.253077975376197,4.10273780617091e-07,2.0,4.0,6.0,0
org.apache.velocity.runtime.directive.Literal,5,2,0,5,10,8,0,5,5,0.75,31,0,0,0.692307692,0.44,0,0,5,1,0.8,5.0,8.0,20.0,40.0,1.0,20.0,5.062778472900391,51.020408630371094,6.0,0.6000000238418579,0.0,0.0,0.254470426409903,0.0,0.0,5.0,5.0,1
org.apache.velocity.runtime.directive.Macro,9,2,0,12,29,34,2,10,7,0.75,199,1,0,0.5625,0.263888889,0,0,21,5,1.4444,12.0,31.0,132.0,23.484848022460938,1.0,8.333333015441895,6.885378837585449,37.03703689575195,50.5,0.7651515007019043,3.6666667461395264,2.777777671813965,0.257703081232492,5.82291583031366e-07,2.0,10.0,12.0,1
org.apache.velocity.runtime.directive.MacroParseException,6,4,0,6,14,0,2,4,5,0.9,239,1,0,0.75,0.375,1,3,38.5,10,3,6.0,8.0,30.0,26.66666603088379,2.0,33.33333206176758,5.305791854858398,63.90243911743164,11.0,0.7333333492279053,2.0,6.666666507720947,0.186802030456852,8.31227704094691e-07,2.0,4.0,6.0,1
org.apache.velocity.runtime.directive.Parse,5,3,0,14,36,8,0,14,5,0.75,322,1,0,0.714285714,0.44,1,1,63.2,1,0.8,13.0,38.0,156.0,24.35897445678711,1.0,7.692307472229004,7.2093963623046875,30.95652198791504,59.0,0.7564102411270142,0.0,0.0,0.294303797468354,0.0,0.0,13.0,13.0,1
org.apache.velocity.runtime.directive.RuntimeMacro,6,2,0,14,38,1,1,13,5,0.6,297,1,1,0.642857143,0.361111111,0,0,47.66666667,5,1.6667,14.0,40.0,182.0,21.9780216217041,2.0,14.285714149475098,7.128392219543457,32.65306091308594,71.0,0.7802197933197021,4.166666507720947,2.289377212524414,0.317241379310344,0.000333117302697307,1.0,13.0,14.0,1
org.apache.velocity.runtime.directive.VelocimacroProxy,9,2,0,18,44,6,4,14,9,0.763888889,415,1,1,0.529411765,0.25,0,0,44.11111111,2,1,18.0,58.0,306.0,18.954248428344727,1.0,5.55555534362793,7.573916435241699,31.481481552124023,124.0,0.8104575276374817,32.91666793823242,10.757081031799316,0.333333333333333,0.000334344074342564,4.0,14.0,18.0,1
org.apache.velocity.runtime.log.AvalonLogChute,10,1,1,12,46,0,1,11,7,0.814814815,357,0.5,1,0,0.422222222,0,0,34.1,2,1.1,12.0,10.0,132.0,7.5757575035095215,5.0,41.66666793823242,6.763872146606445,61.62361526489258,61.0,0.9242424368858337,11.0,8.333333015441895,0.308494783904619,2.22444641999143e-05,1.0,11.0,12.0,1
org.apache.velocity.runtime.log.AvalonLogSystem,2,2,0,2,4,1,0,2,2,2,10,0,0,0.888888889,0.666666667,0,0,4,1,0.5,2.0,0.0,2.0,0.0,2.0,100.0,0.7695423364639282,95.0,1.0,1.0,0.0,0.0,0.2375,0.0,0.0,2.0,2.0,0
org.apache.velocity.runtime.log.CommonsLogLogChute,5,1,0,4,26,0,0,4,5,0.916666667,121,0.333333333,0,0,0.48,0,0,22.6,2,1.4,4.0,2.0,12.0,16.66666603088379,2.0,50.0,3.8072094917297363,86.23853302001953,5.0,0.8333333134651184,0.0,0.0,0.254617414248021,0.0,0.0,4.0,4.0,1
org.apache.velocity.runtime.log.HoldingLogChute,6,1,1,5,17,3,3,2,5,0.4,121,1,0,0,0.388888889,0,0,18.83333333,5,1.8333,5.0,7.0,20.0,35.0,1.0,20.0,4.576751708984375,62.430938720703125,6.5,0.6499999761581421,1.5,7.5,0.248313090418353,0.00016962514478717,3.0,2.0,5.0,1
org.apache.velocity.runtime.log.JdkLogChute,6,1,0,2,20,3,0,2,5,0.95,110,0.25,0,0,0.466666667,0,0,16.66666667,3,1.5,2.0,1.0,2.0,50.0,1.0,50.0,3.078169345855713,86.36363983154297,0.5,0.5,0.0,0.0,0.248655913978494,0.0,0.0,2.0,2.0,0
org.apache.velocity.runtime.log.Log,25,1,2,80,46,298,76,5,21,0.166666667,198,1,1,0,0.213333333,0,0,6.88,3,1.04,79.0,249.0,6162.0,4.040895938873291,1.0,1.2658227682113647,9.801539421081543,21.39699363708496,2956.5,0.9595910310745239,839.3421630859375,13.621261596679688,0.226322263222632,0.00102682474604832,76.0,4.0,80.0,0
org.apache.velocity.runtime.log.Log4JLogChute,9,1,1,12,51,0,1,11,6,0.714285714,316,0.571428571,1,0,0.377777778,0,0,33.33333333,3,1.6667,12.0,10.0,132.0,7.5757575035095215,5.0,41.66666793823242,8.059943199157715,55.7422981262207,61.0,0.9242424368858337,11.0,8.333333015441895,0.272727272727272,2.66808913476538e-05,1.0,11.0,12.0,1
org.apache.velocity.runtime.log.Log4JLogSystem,2,2,0,2,4,1,0,2,2,2,10,0,0,0.888888889,0.666666667,0,0,4,1,0.5,2.0,0.0,2.0,0.0,2.0,100.0,0.7695423364639282,95.0,1.0,1.0,0.0,0.0,0.215619694397283,0.0,0.0,2.0,2.0,0
org.apache.velocity.runtime.log.LogChute,4,1,0,15,4,6,14,1,4,1.333333333,14,0,0,0,0.55,0,0,0,1,1,15.0,22.0,210.0,10.476190567016602,1.0,6.666666507720947,5.508303165435791,59.911895751953125,94.0,0.8952381014823914,3.1666667461395264,1.5079364776611328,0.24764468371467,0.000227223747259549,14.0,1.0,15.0,1
org.apache.velocity.runtime.log.LogChuteSystem,5,1,0,6,9,0,2,4,4,0.25,37,1,1,0,0.433333333,0,0,6.2,1,0.8,6.0,7.0,30.0,23.33333396911621,2.0,33.33333206176758,3.523693799972534,71.90082550048828,11.5,0.7666666507720947,2.3333332538604736,7.777777671813965,0.250670241286863,7.83622920978644e-06,2.0,4.0,6.0,1
org.apache.velocity.runtime.log.LogDisplayWrapper,16,2,0,3,24,106,1,2,11,0.333333333,151,1,1,0.605263158,0.5,1,6,8.25,2,1.0625,3.0,2.0,6.0,33.33333206176758,1.0,33.33333206176758,3.8072094917297363,83.92857360839844,2.0,0.6666666865348816,0.5,8.333333015441895,0.202407002188183,8.20547561234182e-08,1.0,2.0,3.0,0
org.apache.velocity.runtime.log.LogManager,5,1,0,10,39,10,1,9,2,0.75,344,0,0,0,0.3,0,0,67.6,4,1.4,10.0,16.0,90.0,17.77777862548828,1.0,10.0,5.467800617218018,48.56114959716797,37.0,0.8222222328186035,4.0,4.44444465637207,0.256064690026954,5.57972341639244e-06,1.0,9.0,10.0,1
org.apache.velocity.runtime.log.LogSystem,2,1,0,8,2,1,7,1,2,2,7,0,0,0,0.625,0,0,0,1,1,8.0,5.0,56.0,8.928571701049805,4.0,50.0,3.48319149017334,80.37383270263672,25.5,0.9107142686843872,3.5,6.25,0.24798927613941,4.90069958857314e-05,7.0,1.0,8.0,1
org.apache.velocity.runtime.log.NullLogChute,5,1,1,3,6,10,1,2,5,2,13,0,0,0,0.48,0,0,1.6,1,0.8,3.0,1.0,6.0,16.66666603088379,2.0,66.66666412353516,3.118671417236328,85.55555725097656,2.5,0.8333333134651184,2.0,33.33333206176758,0.248655913978494,1.52621846389557e-05,1.0,2.0,3.0,1
org.apache.velocity.runtime.log.NullLogSystem,2,2,0,2,3,1,0,2,2,2,6,0,0,0.8,0.666666667,0,0,2,1,0.5,2.0,0.0,2.0,0.0,2.0,100.0,0.4050222635269165,90.90908813476562,1.0,1.0,0.0,0.0,0.200859291084855,0.0,0.0,2.0,2.0,0
org.apache.velocity.runtime.log.PrimordialLogSystem,3,2,0,4,7,3,0,4,3,2,18,0,0,0.714285714,0.5,0,0,5,1,0.6667,4.0,3.0,12.0,25.0,1.0,25.0,0.8505467772483826,61.764705657958984,4.5,0.75,0.0,0.0,0.202368137782561,0.0,0.0,4.0,4.0,0
org.apache.velocity.runtime.log.RuntimeLoggerLog,20,2,0,8,27,118,5,3,17,0.473684211,129,1,1,0.547619048,0.316666667,1,3,5.4,1,0.95,8.0,19.0,56.0,33.92856979370117,1.0,12.5,4.050222873687744,59.88024139404297,18.5,0.6607142686843872,2.5,4.464285850524902,0.202643171806167,1.47328663391374e-05,5.0,3.0,8.0,0
org.apache.velocity.runtime.log.ServletLogChute,9,1,0,2,27,18,0,2,7,0.825,236,0.4,0,0,0.4,0,0,24.66666667,5,1.8889,3.0,1.0,6.0,16.66666603088379,2.0,66.66666412353516,3.6046981811523438,88.11881256103516,2.5,0.8333333134651184,0.0,0.0,0.252604166666666,0.0,0.0,3.0,3.0,1
org.apache.velocity.runtime.log.SimpleLog4JLogSystem,6,1,0,8,30,0,0,8,4,0.333333333,163,1,1,0,0.416666667,0,0,25.66666667,2,1.3333,8.0,6.0,56.0,10.714285850524902,2.0,25.0,6.318347454071045,66.95278930664062,25.0,0.8928571343421936,0.0,0.0,0.271459227467811,0.0,0.0,8.0,8.0,0
org.apache.velocity.runtime.log.SystemLogChute,12,1,0,3,19,42,1,2,9,0.818181818,159,0.5,0,0,0.361111111,0,0,11.91666667,5,1.6667,3.0,3.0,6.0,50.0,1.0,33.33333206176758,3.1591737270355225,79.59183502197266,1.5,0.5,0.0,0.0,0.248655913978494,0.0,1.0,2.0,3.0,1
org.apache.velocity.runtime.log.VelocityFormatter,2,2,0,2,5,1,1,1,1,2,11,0,0,0.941176471,0.833333333,1,2,4.5,1,0.5,2.0,0.0,2.0,0.0,2.0,100.0,0.7290400862693787,85.71428680419922,1.0,1.0,1.0,50.0,0.545454545454545,3.28219024493672e-07,1.0,1.0,2.0,0
org.apache.velocity.runtime.parser.CharStream,12,1,0,4,12,66,4,0,12,2,12,0,0,0,0.583333333,0,0,0,1,1,4.0,3.0,12.0,25.0,1.0,25.0,2.7946536540985107,85.18518829345703,4.5,0.75,0.0,0.0,0.0,0.0,4.0,0.0,4.0,0
org.apache.velocity.runtime.parser.JJTParserState,12,1,0,2,25,0,1,1,12,0.436363636,253,1,0,0,0.395833333,0,0,19.66666667,3,1.3333,2.0,1.0,2.0,50.0,1.0,50.0,3.645200490951538,73.77049255371094,0.5,0.5,0.0,0.0,0.20697412823397,0.0,1.0,1.0,2.0,0
org.apache.velocity.runtime.parser.ParseException,5,3,2,16,18,0,15,1,4,0.666666667,388,0.5,1,0.866666667,0.4,1,1,75.4,14,4.8,16.0,47.0,240.0,19.58333396911621,1.0,6.25,6.561360836029053,39.32038879394531,96.5,0.8041666746139526,4.5,1.875,1.0,1.9424421023701e-06,15.0,1.0,16.0,0
org.apache.velocity.runtime.parser.Parser,153,1,0,68,250,8092,49,61,50,0.743421053,8270,0.807692308,10,0,0.145559211,0,0,52.88235294,12,2.6275,68.0,163.0,4556.0,3.577699661254883,2.0,2.941176414489746,7.573916435241699,20.77777862548828,2196.5,0.9642230272293091,2887.5,63.37796401977539,0.370221327967806,0.00167174642455009,49.0,61.0,110.0,1
org.apache.velocity.runtime.parser.ParserConstants,1,1,0,2,1,0,2,0,0,2,352,0,0,0,0,0,0,276,0,0,2.0,1.0,2.0,50.0,1.0,50.0,2.7541515827178955,93.15068817138672,0.5,0.5,0.0,0.0,0.0,0.0,2.0,0.0,2.0,1
org.apache.velocity.runtime.parser.ParserTokenManager,89,1,0,5,123,492,1,4,10,0.80815508,13175,0.382352941,1,0,0.339015152,0,0,146.6516854,209,13.4831,5.0,4.0,20.0,20.0,1.0,20.0,2.997164726257324,73.26732635498047,8.0,0.800000011920929,0.0,0.0,1.0,0.0,1.0,4.0,5.0,1
org.apache.velocity.runtime.parser.ParserTreeConstants,1,1,0,2,1,0,2,0,0,2,211,0,0,0,0,0,0,168,0,0,2.0,1.0,2.0,50.0,1.0,50.0,2.8756582736968994,88.75,0.5,0.5,0.0,0.0,0.0,0.0,2.0,0.0,2.0,1
org.apache.velocity.runtime.parser.TemplateParseException,9,4,0,5,19,8,1,4,8,0.75,263,1,0,0.75,0.333333333,1,2,28,10,2,5.0,4.0,20.0,20.0,2.0,40.0,5.265289783477783,67.35751342773438,8.0,0.800000011920929,1.0,5.0,0.186802030456852,7.40055752846448e-07,1.0,4.0,5.0,0
org.apache.velocity.runtime.parser.Token,3,1,0,25,4,3,25,0,3,1.4375,23,0,2,0,0.5,0,0,4,2,1,25.0,76.0,600.0,12.666666984558105,1.0,4.0,4.819765090942383,24.089069366455078,262.0,0.8733333349227905,0.0,0.0,0.0,0.0,25.0,0.0,25.0,0
org.apache.velocity.runtime.parser.TokenMgrError,6,3,0,2,19,15,2,0,4,1.12,184,0,0,0.8125,0.5,1,1,28.83333333,14,2.8333,2.0,1.0,2.0,50.0,1.0,50.0,2.7541515827178955,93.15068817138672,0.5,0.5,0.0,0.0,0.0,0.0,2.0,0.0,2.0,0
org.apache.velocity.runtime.parser.VelocityCharStream,24,1,0,2,36,0,1,1,21,0.508152174,1008,0.6875,0,0,0.3125,0,0,40.33333333,7,1.5,2.0,1.0,2.0,50.0,1.0,50.0,2.7541515827178955,94.44444274902344,0.5,0.5,0.0,0.0,1.0,0.0,1.0,1.0,2.0,0
org.apache.velocity.runtime.parser.node.ASTAddNode,4,3,0,8,11,6,4,5,3,2,46,0,0,0.945945946,0.458333333,2,3,10.5,5,1.5,8.0,12.0,56.0,21.428571701049805,2.0,25.0,4.293236255645752,30.113636016845703,22.0,0.7857142686843872,18.83333396911621,33.630950927734375,0.279635258358662,8.55420698842775e-06,4.0,5.0,9.0,0
org.apache.velocity.runtime.parser.node.ASTAndNode,5,2,0,9,10,10,5,6,5,2,53,0,0,0.909090909,0.4,1,1,9.6,1,0.6,9.0,28.0,72.0,38.88888931274414,1.0,11.11111068725586,4.657756328582764,24.784482955932617,22.0,0.6111111044883728,4.199999809265137,5.833333492279053,0.291139240506329,4.31866584578261e-07,5.0,6.0,11.0,0
org.apache.velocity.runtime.parser.node.ASTAssignment,3,2,0,5,6,3,4,3,3,2,17,0,0,0.967741935,0.533333333,0,0,4.666666667,1,0.3333,5.0,9.0,20.0,45.0,1.0,20.0,3.5641961097717285,32.71375274658203,5.5,0.550000011920929,2.0,10.0,0.287051482059282,2.90331302199494e-07,4.0,3.0,7.0,0
org.apache.velocity.runtime.parser.node.ASTBlock,4,2,0,10,10,6,4,8,4,2,37,0,0,0.9375,0.392857143,1,1,8.25,1,0.5,10.0,22.0,90.0,24.44444465637207,1.0,10.0,5.103280544281006,24.85207176208496,34.0,0.7555555701255798,9.416666984558105,10.462963104248047,0.292527821939586,7.14650161247247e-07,4.0,8.0,12.0,0
org.apache.velocity.runtime.parser.node.ASTComment,6,2,0,9,15,11,3,8,5,0.8,73,1,0,0.909090909,0.4,0,0,10.83333333,4,1,9.0,14.0,72.0,19.44444465637207,1.0,11.11111068725586,5.062778472900391,28.801843643188477,29.0,0.8055555820465088,8.0,11.11111068725586,0.292527821939586,5.91310314897509e-07,3.0,8.0,11.0,1
org.apache.velocity.runtime.parser.node.ASTDirective,8,2,0,18,41,0,5,15,8,0.642857143,218,1,1,0.833333333,0.28125,1,1,25.75,1,0.75,18.0,61.0,306.0,19.934640884399414,2.0,11.11111068725586,6.561360836029053,23.376623153686523,122.5,0.8006535768508911,51.29999923706055,16.764705657958984,0.347169811320754,0.000396729170996267,5.0,15.0,20.0,1
org.apache.velocity.runtime.parser.node.ASTDivNode,3,3,0,9,14,3,4,6,3,2,48,0,0,0.972222222,0.533333333,2,2,15,3,1,9.0,10.0,72.0,13.88888931274414,2.0,22.22222137451172,5.832320690155029,37.7952766418457,31.0,0.8611111044883728,22.5,31.25,0.280487804878048,2.28338751127579e-05,4.0,6.0,10.0,0
org.apache.velocity.runtime.parser.node.ASTEQNode,6,2,0,11,24,15,4,9,5,2,197,0,0,0.882352941,0.333333333,2,2,31.83333333,2,0.8333,11.0,22.0,110.0,20.0,3.0,27.272727966308594,6.237342834472656,28.89305877685547,44.0,0.800000011920929,24.58333396911621,22.34848403930664,0.294871794871794,7.60444687286954e-06,4.0,9.0,13.0,0
org.apache.velocity.runtime.parser.node.ASTElseIfStatement,5,2,0,10,11,10,4,8,5,2,32,0,0,0.909090909,0.371428571,1,2,5.4,1,0.6,10.0,22.0,90.0,24.44444465637207,1.0,10.0,5.103280544281006,24.85207176208496,34.0,0.7555555701255798,9.416666984558105,10.462963104248047,0.292527821939586,7.14650161247247e-07,4.0,8.0,12.0,0
org.apache.velocity.runtime.parser.node.ASTElseStatement,4,2,0,6,7,6,4,4,4,2,20,0,0,0.9375,0.416666667,0,0,4,1,0.5,6.0,11.0,30.0,36.66666793823242,1.0,16.66666603088379,4.293236255645752,31.547618865966797,9.5,0.6333333253860474,3.3333332538604736,11.11111068725586,0.289763779527559,3.68093715152235e-07,4.0,4.0,8.0,0
org.apache.velocity.runtime.parser.node.ASTEscape,5,2,0,6,11,8,4,4,5,0.875,37,0.5,0,0.909090909,0.4,0,0,6,1,0.6,6.0,11.0,30.0,36.66666793823242,1.0,16.66666603088379,4.293236255645752,31.547618865966797,9.5,0.6333333253860474,3.3333332538604736,11.11111068725586,0.289763779527559,3.68093715152235e-07,4.0,4.0,8.0,1
org.apache.velocity.runtime.parser.node.ASTEscapedDirective,4,2,0,7,10,6,4,5,4,2,28,0,0,0.9375,0.392857143,0,0,6,1,0.5,7.0,14.0,42.0,33.33333206176758,1.0,14.285714149475098,4.293236255645752,29.36288070678711,14.0,0.6666666865348816,4.333333492279053,10.317460060119629,0.290220820189274,3.97931808288023e-07,4.0,5.0,9.0,1
org.apache.velocity.runtime.parser.node.ASTExpression,5,2,0,10,11,10,6,6,5,2,31,0,0,0.909090909,0.4,1,2,5.2,1,0.6,10.0,39.0,90.0,43.33333206176758,1.0,10.0,4.657756328582764,23.95833396911621,25.5,0.5666666626930237,3.2166666984558105,3.5740740299224854,0.291139240506329,4.31866584578261e-07,6.0,6.0,12.0,0
org.apache.velocity.runtime.parser.node.ASTFalse,6,2,0,6,9,13,4,4,5,0.8,28,1,0,0.909090909,0.4,0,0,3.5,1,0.5,6.0,11.0,30.0,36.66666793823242,1.0,16.66666603088379,4.293236255645752,31.547618865966797,9.5,0.6333333253860474,3.3333332538604736,11.11111068725586,0.289763779527559,3.68093715152235e-07,4.0,4.0,8.0,0
org.apache.velocity.runtime.parser.node.ASTFloatingPointLiteral,5,2,0,8,12,0,4,6,5,0.25,54,1,0,0.909090909,0.433333333,0,0,9.6,1,0.6,8.0,15.0,56.0,26.785715103149414,1.0,12.5,4.333738327026367,27.506425857543945,20.5,0.7321428656578064,6.333333492279053,11.309523582458496,0.291139240506329,4.88979973184915e-07,4.0,6.0,10.0,0
org.apache.velocity.runtime.parser.node.ASTGENode,5,2,0,11,18,10,4,9,5,2,129,0,0,0.909090909,0.4,1,1,24.8,1,0.6,11.0,22.0,110.0,20.0,3.0,27.272727966308594,6.237342834472656,28.89305877685547,44.0,0.800000011920929,24.58333396911621,22.34848403930664,0.294871794871794,7.60444687286954e-06,4.0,9.0,13.0,1
org.apache.velocity.runtime.parser.node.ASTGTNode,5,2,0,11,18,10,4,9,5,2,130,0,0,0.909090909,0.4,1,1,25,1,0.6,11.0,22.0,110.0,20.0,3.0,27.272727966308594,6.237342834472656,28.89305877685547,44.0,0.800000011920929,24.58333396911621,22.34848403930664,0.294871794871794,7.60444687286954e-06,4.0,9.0,13.0,1
org.apache.velocity.runtime.parser.node.ASTIdentifier,5,2,0,17,38,0,4,15,5,0.416666667,310,1,1,0.909090909,0.466666667,0,0,60.4,1,0.6,17.0,35.0,272.0,12.867647171020508,2.0,11.764705657958984,7.816929817199707,27.809799194335938,118.5,0.8713235259056091,39.0,14.338234901428223,0.326241134751773,9.45042431402325e-05,4.0,15.0,19.0,0
org.apache.velocity.runtime.parser.node.ASTIfStatement,5,2,0,11,12,10,5,8,5,2,62,0,0,0.909090909,0.4,1,2,11.4,1,0.6,11.0,32.0,110.0,29.090909957885742,1.0,9.090909004211426,5.1842851638793945,23.925233840942383,39.0,0.7090908885002136,8.199999809265137,7.454545497894287,0.292527821939586,7.80293966145981e-07,5.0,8.0,13.0,0
org.apache.velocity.runtime.parser.node.ASTIncludeStatement,3,2,0,3,6,3,0,3,3,2,17,0,0,0.967741935,0.533333333,0,0,4.666666667,1,0.3333,3.0,4.0,6.0,66.66666412353516,1.0,33.33333206176758,3.5641961097717285,48.6187858581543,1.0,0.3333333432674408,0.0,0.0,0.287713841368584,0.0,0.0,3.0,3.0,0
org.apache.velocity.runtime.parser.node.ASTIntegerLiteral,5,2,0,8,13,0,4,6,5,0.25,62,1,0,0.909090909,0.433333333,0,0,11.2,1,0.6,8.0,15.0,56.0,26.785715103149414,1.0,12.5,4.333738327026367,27.506425857543945,20.5,0.7321428656578064,6.333333492279053,11.309523582458496,0.291139240506329,4.88979973184915e-07,4.0,6.0,10.0,0
org.apache.velocity.runtime.parser.node.ASTIntegerRange,4,2,0,9,19,6,4,7,4,2,133,0,0,0.9375,0.416666667,1,1,32.25,1,0.5,9.0,22.0,72.0,30.55555534362793,1.0,11.11111068725586,6.156338691711426,29.514562606811523,25.0,0.6944444179534912,8.583333015441895,11.921296119689941,0.292993630573248,5.30332291926362e-07,4.0,7.0,11.0,0
org.apache.velocity.runtime.parser.node.ASTLENode,5,2,0,11,18,10,4,9,5,2,129,0,0,0.909090909,0.4,1,1,24.8,1,0.6,11.0,22.0,110.0,20.0,3.0,27.272727966308594,6.237342834472656,28.89305877685547,44.0,0.800000011920929,24.58333396911621,22.34848403930664,0.294871794871794,7.60444687286954e-06,4.0,9.0,13.0,1
org.apache.velocity.runtime.parser.node.ASTLTNode,5,2,0,11,18,10,4,9,5,2,130,0,0,0.909090909,0.4,1,1,25,1,0.6,11.0,22.0,110.0,20.0,3.0,27.272727966308594,6.237342834472656,28.89305877685547,44.0,0.800000011920929,24.58333396911621,22.34848403930664,0.294871794871794,7.60444687286954e-06,4.0,9.0,13.0,1
org.apache.velocity.runtime.parser.node.ASTMap,4,2,0,8,12,6,4,6,4,2,67,0,0,0.9375,0.416666667,1,1,15.75,1,0.5,8.0,18.0,56.0,32.14285659790039,1.0,12.5,4.53624963760376,25.688074111938477,19.0,0.6785714030265808,6.083333492279053,10.8630952835083,0.291139240506329,4.31866584578261e-07,4.0,6.0,10.0,0
org.apache.velocity.runtime.parser.node.ASTMathNode,7,2,5,16,23,9,5,11,6,0.5,163,1,0,0.857142857,0.387755102,1,1,22.14285714,1,0.7143,16.0,48.0,240.0,20.0,2.0,12.5,7.006885528564453,29.87910270690918,96.0,0.800000011920929,36.66666793823242,15.277777671813965,0.311864406779661,2.41525018697122e-05,5.0,11.0,16.0,0
org.apache.velocity.runtime.parser.node.ASTMethod,7,2,0,21,44,0,5,18,6,0.5,427,1,1,0.857142857,0.387755102,1,2,59.42857143,2,0.8571,21.0,64.0,420.0,15.2380952835083,3.0,14.285714149475098,8.302956581115723,25.883838653564453,178.0,0.8476190567016602,72.19999694824219,17.190475463867188,0.351145038167938,0.000201905135819054,5.0,18.0,23.0,1
org.apache.velocity.runtime.parser.node.ASTModNode,3,3,0,9,14,3,4,6,3,2,48,0,0,0.972222222,0.533333333,2,2,15,3,1,9.0,10.0,72.0,13.88888931274414,2.0,22.22222137451172,5.832320690155029,37.7952766418457,31.0,0.8611111044883728,22.5,31.25,0.280487804878048,2.28338751127579e-05,4.0,6.0,10.0,0
org.apache.velocity.runtime.parser.node.ASTMulNode,3,3,0,7,6,3,4,4,3,2,16,0,0,0.972222222,0.533333333,1,1,4.333333333,1,0.3333,7.0,7.0,42.0,16.66666603088379,2.0,28.571428298950195,4.050222873687744,33.55704879760742,17.5,0.8333333134651184,15.5,36.904762268066406,0.278366111951588,8.53993659605846e-06,4.0,4.0,8.0,0
org.apache.velocity.runtime.parser.node.ASTNENode,6,2,0,11,24,15,4,9,5,2,207,0,0,0.882352941,0.333333333,2,2,33.5,2,0.8333,11.0,22.0,110.0,20.0,3.0,27.272727966308594,6.237342834472656,28.89305877685547,44.0,0.800000011920929,24.58333396911621,22.34848403930664,0.294871794871794,7.60444687286954e-06,4.0,9.0,13.0,0
org.apache.velocity.runtime.parser.node.ASTNotNode,5,2,0,9,10,10,5,6,5,2,39,0,0,0.909090909,0.4,1,2,6.8,1,0.6,9.0,28.0,72.0,38.88888931274414,1.0,11.11111068725586,4.657756328582764,24.784482955932617,22.0,0.6111111044883728,4.199999809265137,5.833333492279053,0.291139240506329,4.31866584578261e-07,5.0,6.0,11.0,0
org.apache.velocity.runtime.parser.node.ASTObjectArray,4,2,0,8,12,6,4,6,4,2,43,0,0,0.9375,0.416666667,1,1,9.75,1,0.5,8.0,18.0,56.0,32.14285659790039,1.0,12.5,4.53624963760376,25.688074111938477,19.0,0.6785714030265808,6.083333492279053,10.8630952835083,0.291139240506329,4.31866584578261e-07,4.0,6.0,10.0,0
org.apache.velocity.runtime.parser.node.ASTOrNode,5,2,0,9,10,10,5,6,5,2,53,0,0,0.909090909,0.4,1,1,9.6,1,0.6,9.0,28.0,72.0,38.88888931274414,1.0,11.11111068725586,4.657756328582764,24.784482955932617,22.0,0.6111111044883728,4.199999809265137,5.833333492279053,0.291139240506329,4.31866584578261e-07,5.0,6.0,11.0,0
org.apache.velocity.runtime.parser.node.ASTParameters,3,2,0,3,6,3,0,3,3,2,17,0,0,0.967741935,0.533333333,0,0,4.666666667,1,0.3333,3.0,4.0,6.0,66.66666412353516,1.0,33.33333206176758,3.5641961097717285,48.6187858581543,1.0,0.3333333432674408,0.0,0.0,0.287713841368584,0.0,0.0,3.0,3.0,0
org.apache.velocity.runtime.parser.node.ASTReference,15,2,0,28,83,25,7,23,13,0.735294118,1221,0.941176471,1,0.697674419,0.251851852,1,2,79.26666667,18,2.2,28.0,152.0,756.0,20.105819702148438,1.0,3.5714285373687744,8.181449890136719,22.645740509033203,302.0,0.7989417910575867,85.7242431640625,11.33918571472168,0.334545454545454,0.000139054501810845,7.0,23.0,30.0,1
org.apache.velocity.runtime.parser.node.ASTSetDirective,7,2,0,16,36,9,4,14,5,0.604166667,271,0.875,3,0.857142857,0.326530612,1,1,36.57142857,1,0.7143,16.0,66.0,240.0,27.5,1.0,6.25,7.492912292480469,25.6588077545166,87.0,0.7250000238418579,17.08571434020996,7.11904764175415,0.324514991181657,7.5055125380127e-05,4.0,14.0,18.0,0
org.apache.velocity.runtime.parser.node.ASTStop,4,2,0,9,8,6,4,7,4,2,23,0,0,0.9375,0.392857143,0,0,4.75,1,0.5,9.0,14.0,72.0,19.44444465637207,1.0,11.11111068725586,5.062778472900391,27.59381866455078,29.0,0.8055555820465088,9.333333015441895,12.962963104248047,0.292063492063492,7.00379768877956e-07,4.0,7.0,11.0,1
org.apache.velocity.runtime.parser.node.ASTStringLiteral,8,2,0,14,43,8,4,12,8,0.628571429,376,1,1,0.833333333,0.265625,1,2,45.375,5,1.875,14.0,38.0,182.0,20.879121780395508,1.0,7.142857074737549,7.249898910522461,26.917293548583984,72.0,0.791208803653717,21.08333396911621,11.584249496459961,0.319444444444444,2.62632672720439e-05,4.0,12.0,16.0,0
org.apache.velocity.runtime.parser.node.ASTSubtractNode,3,3,0,7,6,3,4,4,3,2,16,0,0,0.972222222,0.533333333,1,1,4.333333333,1,0.3333,7.0,7.0,42.0,16.66666603088379,2.0,28.571428298950195,4.050222873687744,33.55704879760742,17.5,0.8333333134651184,15.5,36.904762268066406,0.278366111951588,8.53993659605846e-06,4.0,4.0,8.0,0
org.apache.velocity.runtime.parser.node.ASTText,5,2,0,9,13,8,4,7,5,0.75,41,1,0,0.909090909,0.4,0,0,7,1,0.6,9.0,17.0,72.0,23.61111068725586,1.0,11.11111068725586,4.333738327026367,27.088607788085938,27.5,0.7638888955116272,8.333333015441895,11.574073791503906,0.291600633914421,2.83665771782715e-06,4.0,7.0,11.0,1
org.apache.velocity.runtime.parser.node.ASTTrue,6,2,0,6,9,13,4,4,5,0.8,28,1,0,0.909090909,0.4,0,0,3.5,1,0.5,6.0,11.0,30.0,36.66666793823242,1.0,16.66666603088379,4.293236255645752,31.547618865966797,9.5,0.6333333253860474,3.3333332538604736,11.11111068725586,0.289763779527559,3.68093715152235e-07,4.0,4.0,8.0,0
org.apache.velocity.runtime.parser.node.ASTVariable,3,2,0,3,6,3,0,3,3,2,17,0,0,0.967741935,0.533333333,0,0,4.666666667,1,0.3333,3.0,4.0,6.0,66.66666412353516,1.0,33.33333206176758,3.5641961097717285,48.6187858581543,1.0,0.3333333432674408,0.0,0.0,0.287713841368584,0.0,0.0,3.0,3.0,0
org.apache.velocity.runtime.parser.node.ASTWord,3,2,0,5,6,3,4,3,3,2,17,0,0,0.967741935,0.533333333,0,0,4.666666667,1,0.3333,5.0,9.0,20.0,45.0,1.0,20.0,3.5641961097717285,32.71375274658203,5.5,0.550000011920929,2.0,10.0,0.287051482059282,2.90331302199494e-07,4.0,3.0,7.0,0
org.apache.velocity.runtime.parser.node.ASTprocess,3,2,0,5,6,3,4,3,3,2,17,0,0,0.967741935,0.533333333,0,0,4.666666667,1,0.3333,5.0,9.0,20.0,45.0,1.0,20.0,3.5641961097717285,32.71375274658203,5.5,0.550000011920929,2.0,10.0,0.287051482059282,2.90331302199494e-07,4.0,3.0,7.0,0
org.apache.velocity.runtime.parser.node.AbstractExecutor,5,1,3,6,6,0,5,1,4,0.625,30,1,1,0,0.466666667,0,0,4.6,2,1,6.0,8.0,30.0,26.66666603088379,1.0,16.66666603088379,3.7262048721313477,71.875,11.0,0.7333333492279053,1.0,3.3333332538604736,0.185370741482965,3.01961502534179e-05,5.0,1.0,6.0,0
org.apache.velocity.runtime.parser.node.BooleanPropertyExecutor,4,3,0,7,26,6,1,6,2,1,132,0,0,0.777777778,0.583333333,2,2,31.75,4,1.25,7.0,15.0,42.0,35.71428680419922,1.0,14.285714149475098,4.009720325469971,53.80434799194336,13.5,0.6428571343421936,0.5,1.1904761791229248,0.225845410628019,1.66964897533182e-07,1.0,6.0,7.0,0
org.apache.velocity.runtime.parser.node.GetExecutor,4,2,0,7,17,0,1,6,3,0.166666667,94,1,1,0.666666667,0.5,0,0,22,1,0.5,7.0,11.0,42.0,26.190475463867188,2.0,28.571428298950195,3.9692182540893555,54.143646240234375,15.5,0.738095223903656,1.0,2.3809523582458496,0.194560669456066,1.66964897533182e-07,1.0,6.0,7.0,0
org.apache.velocity.runtime.parser.node.MapGetExecutor,4,2,0,4,18,0,1,3,2,0.555555556,116,0.333333333,0,0.571428571,0.45,0,0,27.25,6,2,4.0,3.0,12.0,25.0,2.0,50.0,3.9287161827087402,65.10066986083984,4.5,0.75,1.0,8.333333015441895,0.187311178247734,1.66964897533182e-07,1.0,3.0,4.0,1
org.apache.velocity.runtime.parser.node.MapSetExecutor,4,2,0,4,18,0,1,3,2,0.555555556,128,0.333333333,0,0.571428571,0.45,0,0,30.25,7,2.25,4.0,3.0,12.0,25.0,2.0,50.0,3.9287161827087402,65.10066986083984,4.5,0.75,1.0,8.333333015441895,0.187311178247734,1.66964897533182e-07,1.0,3.0,4.0,1
org.apache.velocity.runtime.parser.node.MathUtils,16,1,0,11,52,112,11,0,12,0.826666667,854,0.533333333,0,0,0.226666667,0,0,51.4375,18,4.5625,11.0,0.0,110.0,0.0,11.0,100.0,0.9315512180328369,21.69811248779297,55.0,1.0,0.0,0.0,0.0,0.0,11.0,0.0,11.0,0
org.apache.velocity.runtime.parser.node.Node,25,1,0,54,25,300,47,7,25,2,25,0,0,0,0.24,0,0,0,1,1,54.0,372.0,2862.0,12.997903823852539,1.0,1.8518518209457397,8.059943199157715,17.319408416748047,1245.0,0.8700209856033325,357.7403259277344,12.499661445617676,0.259520451339915,0.000781814320048003,47.0,7.0,54.0,1
org.apache.velocity.runtime.parser.node.NodeUtils,5,1,0,6,19,10,2,4,5,2,247,0,0,0,0.3,0,0,48.4,12,4.2,6.0,5.0,30.0,16.66666603088379,2.0,33.33333206176758,4.738760471343994,60.621761322021484,12.5,0.8333333134651184,3.0,10.0,0.189300411522633,1.55904036634494e-06,2.0,4.0,6.0,0
org.apache.velocity.runtime.parser.node.ParserVisitor,41,1,0,48,41,820,43,41,41,2,41,0,0,0,0.069767442,0,0,0,1,1,48.0,159.0,2256.0,7.047872543334961,1.0,2.0833332538604736,3.9692182540893555,15.457413673400879,1048.5,0.9295212626457214,1831.0,81.16134643554688,0.326241134751773,0.000971847495285461,43.0,41.0,84.0,1
org.apache.velocity.runtime.parser.node.PropertyExecutor,5,2,1,9,24,4,2,7,3,0.25,124,1,1,0.571428571,0.457142857,0,0,23.6,2,0.8,9.0,17.0,72.0,23.61111068725586,2.0,22.22222137451172,4.576751708984375,52.80373764038086,27.5,0.7638888955116272,3.5,4.861111164093018,0.236040609137055,1.59499718127184e-05,2.0,7.0,9.0,0
org.apache.velocity.runtime.parser.node.PutExecutor,3,2,0,5,15,0,1,4,2,0.25,116,1,1,0.666666667,0.611111111,0,0,37,2,1,5.0,5.0,20.0,25.0,2.0,40.0,3.9692182540893555,59.39393997192383,7.5,0.75,1.0,5.0,0.194154488517745,1.66964897533182e-07,1.0,4.0,5.0,0
org.apache.velocity.runtime.parser.node.SetExecutor,5,1,3,6,6,0,5,1,4,0.625,30,1,1,0,0.466666667,0,0,4.6,2,1,6.0,8.0,30.0,26.66666603088379,1.0,16.66666603088379,3.766707181930542,75.0,11.0,0.7333333492279053,1.0,3.3333332538604736,0.185370741482965,3.01961502534179e-05,5.0,1.0,6.0,0
org.apache.velocity.runtime.parser.node.SetPropertyExecutor,4,2,0,7,24,0,1,6,2,0.333333333,126,1,1,0.571428571,0.541666667,0,0,30.25,2,1,7.0,5.0,42.0,11.904762268066406,4.0,57.14285659790039,4.941271781921387,58.937198638916016,18.5,0.8809523582458496,3.0,7.142857074737549,0.249664429530201,1.93153589678931e-05,1.0,6.0,7.0,0
org.apache.velocity.runtime.parser.node.SimpleNode,32,1,39,65,56,418,54,14,31,0.913978495,405,0.916666667,7,0,0.175,1,1,11.28125,4,1.3438,65.0,457.0,4160.0,10.985576629638672,1.0,1.5384615659713745,8.626974105834961,17.08099365234375,1851.5,0.8901442289352417,501.85772705078125,12.063887596130371,0.338858195211786,0.00104188206101145,54.0,14.0,68.0,1
org.apache.velocity.runtime.resource.ContentResource,2,2,0,11,16,1,6,6,2,2,87,0,0,0.947368421,1,1,1,42.5,1,0.5,11.0,28.0,110.0,25.454545974731445,1.0,9.090909004211426,5.751316547393799,39.775909423828125,41.0,0.7454545497894287,12.333333015441895,11.21212100982666,0.251709986320109,2.46758146234543e-05,6.0,6.0,12.0,0
org.apache.velocity.runtime.resource.Resource,19,1,2,25,22,129,22,4,19,0.916666667,130,1,2,0,0.203007519,0,0,5.315789474,3,1.0526,25.0,63.0,600.0,10.5,2.0,8.0,5.22478723526001,32.49370193481445,268.5,0.8949999809265137,58.33333206176758,9.722222328186035,0.250681198910081,0.000163128276626251,22.0,4.0,26.0,1
org.apache.velocity.runtime.resource.ResourceCache,5,1,0,4,5,10,2,2,5,2,5,0,0,0,0.5,0,0,0,1,1,4.0,6.0,12.0,50.0,1.0,25.0,3.523693799972534,72.5,3.0,0.5,0.0,0.0,0.248990578734858,0.0,2.0,2.0,4.0,0
org.apache.velocity.runtime.resource.ResourceCacheImpl,6,1,0,7,24,0,1,6,6,0.4,91,1,1,0,0.458333333,0,0,13.83333333,2,1,7.0,8.0,42.0,19.047618865966797,3.0,42.85714340209961,5.022276401519775,61.083744049072266,17.0,0.8095238208770752,2.0,4.761904716491699,0.258600237247924,5.25150439189876e-06,1.0,6.0,7.0,0
org.apache.velocity.runtime.resource.ResourceFactory,2,1,0,4,5,1,1,3,2,2,20,0,0,0,0.5,0,0,9,4,2,4.0,3.0,12.0,25.0,1.0,25.0,1.944106936454773,61.53845977783203,4.5,0.75,2.0,16.66666603088379,0.221556886227544,6.83789634361818e-07,1.0,3.0,4.0,0
org.apache.velocity.runtime.resource.ResourceManager,3,1,0,6,3,3,2,4,3,1.5,5,0,0,0,0.583333333,0,0,0,1,1,6.0,13.0,30.0,43.33333206176758,1.0,16.66666603088379,4.53624963760376,49.55752182006836,8.5,0.5666666626930237,0.0,0.0,0.251358695652173,0.0,2.0,4.0,6.0,1
org.apache.velocity.runtime.resource.ResourceManagerImpl,10,1,0,15,81,9,0,15,5,0.747474747,659,0.727272727,3,0,0.44,0,0,63.8,3,1.2,15.0,28.0,210.0,13.333333015441895,3.0,20.0,6.156338691711426,42.22222137451172,91.0,0.8666666746139526,0.0,0.0,0.295904887714663,0.0,0.0,15.0,15.0,1
org.apache.velocity.runtime.resource.loader.ClasspathResourceLoader,6,2,0,8,20,15,0,8,5,1,88,0,0,0.705882353,0.416666667,1,2,13.5,2,1,8.0,6.0,56.0,10.714285850524902,4.0,50.0,5.265289783477783,58.295963287353516,25.0,0.8928571343421936,0.0,0.0,0.250673854447439,0.0,0.0,8.0,8.0,0
org.apache.velocity.runtime.resource.loader.DataSourceResourceLoader,11,2,0,9,44,27,0,9,6,0.728571429,559,1,0,0.545454545,0.285714286,1,1,49.18181818,5,1.9091,9.0,9.0,72.0,12.5,3.0,33.33333206176758,5.386796474456787,50.570343017578125,31.5,0.875,0.0,0.0,0.251012145748987,0.0,0.0,9.0,9.0,0
org.apache.velocity.runtime.resource.loader.FileResourceLoader,9,2,0,9,55,2,0,9,6,0.583333333,476,1,0,0.6,0.377777778,2,2,51.55555556,9,3.1111,9.0,8.0,72.0,11.11111068725586,4.0,44.44444274902344,5.427298545837402,51.53845977783203,32.0,0.8888888955116272,0.0,0.0,0.253012048192771,0.0,0.0,9.0,9.0,1
org.apache.velocity.runtime.resource.loader.JarHolder,6,1,0,5,34,0,1,4,6,0.4,211,1,1,0,0.5,0,0,33.5,2,1.1667,5.0,6.0,20.0,30.0,1.0,20.0,5.103280544281006,53.16455841064453,7.0,0.699999988079071,0.5,2.5,0.25101763907734,1.0940634149789e-07,1.0,4.0,5.0,0
org.apache.velocity.runtime.resource.loader.JarResourceLoader,8,2,0,9,39,8,0,9,5,0.5,288,1,0,0.631578947,0.375,1,1,34.75,7,2.25,9.0,14.0,72.0,19.44444465637207,3.0,33.33333206176758,5.872823238372803,48.986488342285156,29.0,0.8055555820465088,0.0,0.0,0.301612903225806,0.0,0.0,9.0,9.0,0
org.apache.velocity.runtime.resource.loader.ResourceLoader,13,1,6,17,33,48,12,6,12,0.847222222,255,0.833333333,2,0,0.241758242,0,0,18.15384615,7,1.4615,17.0,62.0,272.0,22.794116973876953,1.0,5.882352828979492,5.791818618774414,35.30864334106445,105.0,0.7720588445663452,12.583333015441895,4.626225471496582,0.252400548696845,3.97988911225656e-05,12.0,6.0,18.0,1
org.apache.velocity.runtime.resource.loader.ResourceLoaderFactory,2,1,0,6,13,1,1,5,2,2,53,0,0,0,0.5,0,0,25.5,1,0.5,6.0,8.0,30.0,26.66666603088379,1.0,16.66666603088379,4.9007697105407715,52.380950927734375,11.0,0.7333333492279053,0.5,1.6666666269302368,0.252717391304347,8.20547561234182e-08,1.0,5.0,6.0,1
org.apache.velocity.runtime.resource.loader.StringResourceLoader,14,2,0,11,52,43,0,11,12,0.955128205,467,0.166666667,1,0.5,0.276923077,2,3,31.5,12,2.2143,11.0,14.0,110.0,12.727272987365723,4.0,36.3636360168457,6.196840763092041,45.945945739746094,48.0,0.8727272748947144,0.0,0.0,0.303715670436187,0.0,0.0,11.0,11.0,1
org.apache.velocity.runtime.resource.loader.URLResourceLoader,8,2,0,7,41,2,0,7,6,0.6,425,0.8,0,0.631578947,0.325,1,2,51.5,6,1.875,7.0,8.0,42.0,19.047618865966797,2.0,28.571428298950195,5.1842851638793945,52.24489974975586,17.0,0.8095238208770752,0.0,0.0,0.24966261808367,0.0,0.0,7.0,7.0,0
org.apache.velocity.runtime.resource.util.StringResource,7,1,0,3,9,11,3,0,7,0.611111111,43,1,0,0,0.523809524,0,0,4.714285714,1,0.8571,3.0,2.0,6.0,33.33333206176758,1.0,33.33333206176758,0.48602673411369324,75.0,2.0,0.6666666865348816,0.0,0.0,0.0,0.0,3.0,0.0,3.0,0
org.apache.velocity.runtime.resource.util.StringResourceRepository,6,1,0,3,6,15,2,1,6,2,6,0,0,0,0.916666667,0,0,0,1,1,3.0,2.0,6.0,33.33333206176758,1.0,33.33333206176758,0.48602673411369324,75.0,2.0,0.6666666865348816,0.0,0.0,1.0,0.0,2.0,1.0,3.0,0
org.apache.velocity.runtime.resource.util.StringResourceRepositoryImpl,7,1,0,2,14,0,0,2,7,0.416666667,63,1,0,0,0.857142857,0,0,7.714285714,1,0.8571,2.0,1.0,2.0,50.0,1.0,50.0,0.12150668352842331,50.0,0.5,0.5,0.0,0.0,1.0,0.0,0.0,2.0,2.0,0
org.apache.velocity.runtime.visitor.BaseVisitor,44,1,1,44,86,946,1,43,44,1,344,1,1,0,0.064646465,0,0,6.772727273,1,0.9773,44.0,199.0,1892.0,10.517970085144043,1.0,2.2727272510528564,4.212231636047363,16.613418579101562,846.5,0.8948202729225159,0.5263158082962036,0.02781795896589756,0.330357142857142,1.01982906860697e-07,1.0,43.0,44.0,1
org.apache.velocity.runtime.visitor.NodeViewMode,43,2,0,44,52,897,0,44,41,0.011904762,340,1,0,0.505882353,0.06760411,0,0,6.860465116,4,1.0698,44.0,193.0,1892.0,10.200845718383789,1.0,2.2727272510528564,4.131227016448975,16.216217041015625,849.5,0.8979915380477905,0.0,0.0,0.329203539823008,0.0,0.0,44.0,44.0,1
org.apache.velocity.servlet.VelocityServlet,18,3,0,10,62,149,0,10,6,1.019607843,417,0.444444444,1,0.6,0.338235294,1,2,21.66666667,5,1.1111,17.0,21.0,272.0,7.720588207244873,4.0,23.52941131591797,5.346293926239014,46.64310836791992,125.5,0.9227941036224365,0.0,0.0,0.253886010362694,0.0,0.0,17.0,17.0,0
org.apache.velocity.texen.Generator,25,1,0,7,78,194,2,5,17,0.878787879,530,0.727272727,3,0,0.261904762,0,0,19.76,3,1.04,7.0,8.0,42.0,19.047618865966797,3.0,42.85714340209961,2.389631509780884,60.82474136352539,17.0,0.8095238208770752,6.5,15.476190567016602,0.23504721930745,3.83172266880327e-05,2.0,5.0,7.0,0
org.apache.velocity.texen.ant.TexenTask,22,3,0,12,84,177,0,12,20,0.928571429,565,1,0,0.637931034,0.309090909,1,1,24.13636364,5,1.1364,9.0,9.0,72.0,12.5,2.0,22.22222137451172,4.131227016448975,49.03845977783203,31.5,0.875,0.0,0.0,0.231243576567317,0.0,0.0,9.0,9.0,0
org.apache.velocity.texen.util.PropertiesUtil,4,1,0,1,25,6,0,1,2,2,145,0,0,0,0.875,0,0,35.25,2,1,1.0,0.0,0.0,0.0,1.0,100.0,0.283515602350235,100.0,0.0,0.0,0.0,0.0,0.191001697792869,0.0,0.0,1.0,1.0,0
org.apache.velocity.util.ArrayIterator,4,1,0,1,16,0,1,0,4,0.444444444,77,1,0,0,0.625,0,0,17.5,2,1.25,1.0,0.0,0.0,0.0,1.0,100.0,1.0530579090118408,100.0,0.0,0.0,0.0,0.0,0.0,0.0,1.0,0.0,1.0,0
org.apache.velocity.util.ArrayListWrapper,4,3,0,1,8,0,1,0,4,0,31,1,0,0.918918919,0.666666667,2,9,6.5,1,0.75,1.0,0.0,0.0,0.0,1.0,100.0,0.16200891137123108,100.0,0.0,0.0,0.0,0.0,0.0,0.0,1.0,0.0,1.0,0
org.apache.velocity.util.ClassUtils,4,1,0,9,14,6,9,0,3,2,66,0,0,0,0.416666667,0,0,15.5,5,1.75,9.0,2.0,72.0,2.777777671813965,7.0,77.77777862548828,2.713649272918701,62.6168212890625,35.0,0.9722222089767456,0.0,0.0,0.0,0.0,9.0,0.0,9.0,1
org.apache.velocity.util.ContextAware,1,1,0,5,1,0,4,1,1,2,1,0,0,0,1,0,0,0,1,1,5.0,4.0,20.0,20.0,1.0,20.0,1.5390846729278564,67.85713958740234,8.0,0.800000011920929,0.0,0.0,1.0,0.0,4.0,1.0,5.0,0
org.apache.velocity.util.EnumerationIterator,4,1,0,1,7,0,1,0,4,0.333333333,23,1,0,0,0.625,0,0,4.5,1,0.75,1.0,0.0,0.0,0.0,1.0,100.0,1.0530579090118408,100.0,0.0,0.0,0.0,0.0,0.0,0.0,1.0,0.0,1.0,0
org.apache.velocity.util.ExceptionUtils,6,1,0,7,20,9,7,0,4,0.7,185,0.25,0,0,0.4,0,0,29.16666667,6,2,7.0,1.0,42.0,2.3809523582458496,6.0,85.71428680419922,3.4021871089935303,76.36363983154297,20.5,0.976190447807312,0.0,0.0,0.0,0.0,7.0,0.0,7.0,0
org.apache.velocity.util.MapFactory,3,1,0,2,13,1,2,0,2,0.5,95,1,0,0,0.5,0,0,30.33333333,4,1.3333,2.0,0.0,2.0,0.0,2.0,100.0,0.5265289545059204,92.85713958740234,1.0,1.0,0.0,0.0,0.0,0.0,2.0,0.0,2.0,1
org.apache.velocity.util.RuntimeServicesAware,1,1,0,8,1,0,7,1,1,2,1,0,0,0,1,0,0,0,1,1,8.0,9.0,56.0,16.071428298950195,1.0,12.5,4.293236255645752,62.721893310546875,23.5,0.8392857313156128,0.0,0.0,0.24764468371467,0.0,7.0,1.0,8.0,0
org.apache.velocity.util.SimplePool,5,1,0,2,6,0,2,0,4,0.416666667,103,1,0,0,0.466666667,0,0,19,3,1.4,2.0,0.0,2.0,0.0,2.0,100.0,0.9315512180328369,100.0,1.0,1.0,0.0,0.0,0.0,0.0,2.0,0.0,2.0,0
org.apache.velocity.util.StringUtils,24,1,0,11,74,274,11,0,23,0.956521739,731,1,0,0,0.168478261,0,0,29.41666667,8,2.5833,11.0,0.0,110.0,0.0,11.0,100.0,3.4426894187927246,62.5,55.0,1.0,0.0,0.0,0.0,0.0,11.0,0.0,11.0,0
org.apache.velocity.util.TemplateNumber,1,1,0,7,1,0,7,0,1,2,1,0,0,0,1,0,0,0,1,1,7.0,0.0,42.0,0.0,7.0,100.0,1.012555718421936,30.487804412841797,21.0,1.0,0.0,0.0,0.0,0.0,7.0,0.0,7.0,0
org.apache.velocity.util.introspection.AbstractChainableUberspector,7,2,1,8,13,0,1,7,7,0.166666667,71,1,1,0.571428571,0.476190476,0,0,9,1,0.8571,8.0,15.0,56.0,26.785715103149414,1.0,12.5,1.8631024360656738,51.11111068725586,20.5,0.7321428656578064,2.0,3.5714285373687744,0.205465587044534,4.36182645004778e-05,1.0,7.0,8.0,1
org.apache.velocity.util.introspection.ChainableUberspector,1,1,0,3,1,0,2,1,1,2,1,0,0,0,1,0,0,0,1,1,3.0,2.0,6.0,33.33333206176758,1.0,33.33333206176758,2.1061158180236816,80.0,2.0,0.6666666865348816,0.0,0.0,0.13744427934621,0.0,2.0,1.0,3.0,0
org.apache.velocity.util.introspection.ClassMap,6,1,0,7,27,5,4,4,3,1.076923077,151,0.307692308,2,0,0.333333333,0,0,22,5,2.1667,7.0,9.0,42.0,21.428571701049805,1.0,14.285714149475098,3.4021871089935303,80.0,16.5,0.7857142686843872,9.0,21.428571701049805,0.210045662100456,0.000160985179723203,4.0,4.0,8.0,1
org.apache.velocity.util.introspection.Info,6,1,1,21,8,9,21,1,5,0.6,41,1,0,0,0.444444444,0,0,5.333333333,1,0.6667,21.0,37.0,420.0,8.809523582458496,1.0,4.761904716491699,6.034832000732422,41.04683303833008,191.5,0.9119047522544861,11.5,2.738095283508301,0.184738955823293,0.00026519689410032,21.0,1.0,22.0,0
org.apache.velocity.util.introspection.IntrospectionCacheData,1,1,0,6,2,0,6,0,1,2,6,0,0,0,1,0,0,3,0,0,6.0,3.0,30.0,10.0,4.0,66.66666412353516,1.5390846729278564,55.07246398925781,13.5,0.8999999761581421,0.0,0.0,0.0,0.0,6.0,0.0,6.0,0
org.apache.velocity.util.introspection.IntrospectionUtils,4,1,0,2,12,6,2,0,3,1,437,0,0,0,0.375,0,0,106.25,63,23,2.0,0.0,2.0,0.0,2.0,100.0,0.283515602350235,100.0,1.0,1.0,0.0,0.0,0.0,0.0,2.0,0.0,2.0,0
org.apache.velocity.util.introspection.Introspector,3,2,1,16,13,3,11,5,3,2,74,0,0,0.666666667,0.444444444,0,0,23.66666667,1,0.3333,16.0,36.0,240.0,15.0,1.0,6.25,5.751316547393799,45.222930908203125,102.0,0.8500000238418579,32.83333206176758,13.68055534362793,0.195953141640042,0.00028527703545575,11.0,5.0,16.0,0
org.apache.velocity.util.introspection.IntrospectorBase,3,1,1,6,9,1,1,5,1,0.5,52,1,2,0,0.466666667,0,0,15.66666667,1,0.6667,6.0,8.0,30.0,26.66666603088379,1.0,16.66666603088379,3.4021871089935303,73.68421173095703,11.0,0.7333333492279053,3.0,10.0,0.201092896174863,0.000202736202586534,1.0,5.0,6.0,0
org.apache.velocity.util.introspection.IntrospectorCache,3,1,0,3,3,3,2,1,3,2,3,0,0,0,0.833333333,0,0,0,1,1,3.0,3.0,6.0,50.0,1.0,33.33333206176758,0.32401782274246216,47.05882263183594,1.5,0.5,0.0,0.0,0.174573055028463,0.0,2.0,1.0,3.0,0
org.apache.velocity.util.introspection.IntrospectorCacheImpl,4,1,0,4,17,0,1,3,4,0.333333333,120,0.75,1,0,0.583333333,0,0,28,4,1.5,4.0,5.0,12.0,41.66666793823242,1.0,25.0,3.3211827278137207,86.31578826904297,3.5,0.5833333134651184,0.0,0.0,0.2,0.0,1.0,3.0,4.0,0
org.apache.velocity.util.introspection.LinkingUberspector,6,3,0,7,12,0,1,6,6,0,98,1,2,0.736842105,0.527777778,0,0,15,1,0.8333,7.0,10.0,42.0,23.809524536132812,1.0,14.285714149475098,2.6326448917388916,62.5,16.0,0.761904776096344,3.0,7.142857074737549,0.190654205607476,3.38257056326104e-05,1.0,6.0,7.0,1
org.apache.velocity.util.introspection.MethodMap,9,1,0,3,29,30,1,2,4,1,465,0.75,0,0,0.236111111,0,0,50.22222222,17,5.1111,3.0,1.0,6.0,16.66666603088379,2.0,66.66666412353516,0.4050222635269165,76.92308044433594,2.5,0.8333333134651184,1.0,16.66666603088379,1.0,2.71327726914769e-05,1.0,2.0,3.0,1
org.apache.velocity.util.introspection.SecureIntrospectorControl,1,1,0,2,1,0,2,0,1,2,1,0,0,0,1,0,0,0,1,1,2.0,1.0,2.0,50.0,1.0,50.0,0.36452004313468933,69.23076629638672,0.5,0.5,0.0,0.0,0.0,0.0,2.0,0.0,2.0,0
org.apache.velocity.util.introspection.SecureIntrospectorImpl,4,3,0,4,21,4,1,3,3,0.555555556,206,0.333333333,0,0.5,0.458333333,1,1,49,21,5.75,4.0,4.0,12.0,33.33333206176758,1.0,25.0,3.4021871089935303,79.24528503417969,4.0,0.6666666865348816,0.0,0.0,0.192946058091286,0.0,1.0,3.0,4.0,0
org.apache.velocity.util.introspection.SecureUberspector,4,2,0,9,16,2,0,9,4,0.666666667,67,0,1,0.727272727,0.4375,1,1,15.5,1,0.75,9.0,13.0,72.0,18.05555534362793,1.0,11.11111068725586,5.346293926239014,52.58964157104492,29.5,0.8194444179534912,0.0,0.0,0.291012838801711,0.0,0.0,9.0,9.0,1
org.apache.velocity.util.introspection.Uberspect,5,1,0,15,5,10,11,4,5,2,5,0,0,0,0.68,0,0,0,1,1,15.0,33.0,210.0,15.714285850524902,1.0,6.666666507720947,5.467800617218018,44.85049819946289,88.5,0.8428571224212646,22.0,10.476190567016602,0.158484065460809,8.48487205694206e-05,11.0,4.0,15.0,1
org.apache.velocity.util.introspection.UberspectImpl,9,1,2,26,45,10,2,24,8,0.8,374,0.4,2,0,0.365079365,0,0,40,1,0.8889,26.0,53.0,650.0,8.15384578704834,3.0,11.538461685180664,4.455245018005371,43.4782600402832,298.5,0.9184615612030029,38.5,5.92307710647583,0.254430379746835,7.29433919959155e-05,2.0,24.0,26.0,1
org.apache.velocity.util.introspection.UberspectLoggable,2,1,0,4,2,1,2,2,2,2,2,0,0,0,0.666666667,0,0,0,1,1,4.0,3.0,12.0,25.0,1.0,25.0,4.738760471343994,75.48387145996094,4.5,0.75,1.0,8.333333015441895,0.185929648241206,1.28552451260021e-07,2.0,2.0,4.0,0
org.apache.velocity.util.introspection.VelMethod,4,1,0,6,4,6,6,0,4,2,4,0,0,0,0.5,0,0,0,1,1,6.0,7.0,30.0,23.33333396911621,1.0,16.66666603088379,2.1061158180236816,64.1975326538086,11.5,0.7666666507720947,0.0,0.0,0.0,0.0,6.0,0.0,6.0,0
org.apache.velocity.util.introspection.VelPropertyGet,3,1,0,6,3,3,6,0,3,2,3,0,0,0,0.666666667,0,0,0,1,1,6.0,7.0,30.0,23.33333396911621,1.0,16.66666603088379,1.9036047458648682,61.842105865478516,11.5,0.7666666507720947,0.0,0.0,0.0,0.0,6.0,0.0,6.0,0
org.apache.velocity.util.introspection.VelPropertySet,3,1,0,6,3,3,6,0,3,2,3,0,0,0,0.666666667,0,0,0,1,1,6.0,7.0,30.0,23.33333396911621,1.0,16.66666603088379,2.26812481880188,64.36781311035156,11.5,0.7666666507720947,0.0,0.0,0.0,0.0,6.0,0.0,6.0,0
