name,Size,Ties,Pairs,Density,nWeakComp,pWeakComp,2StepReach,ReachEffic,Broker,nBroker,EgoBetween,nEgoBetween,Closeness Centrality,Betweenness Centrality,in_degree,out_degree,degree,bug
org.apache.lucene.analysis.Analyzer,78.0,129.0,6006.0,2.1478521823883057,1.0,1.2820513248443604,44.61077880859375,39.07342529296875,2938.5,0.978521466255188,18.5,0.3080253005027771,0.5,0.000149940562640405,77.0,1.0,78.0,1
org.apache.lucene.analysis.CachingTokenFilter,5.0,6.0,20.0,30.0,1.0,20.0,16.267465591430664,59.272727966308594,7.0,0.699999988079071,2.5,12.5,0.714285714285714,5.15120275599317e-06,2.0,3.0,5.0,1
org.apache.lucene.analysis.CharArraySet,5.0,2.0,20.0,10.0,3.0,60.0,2.395209550857544,68.57142639160156,9.0,0.8999999761581421,4.0,20.0,1.0,4.88533422665159e-05,5.0,1.0,6.0,1
org.apache.lucene.analysis.CharTokenizer,5.0,0.0,20.0,0.0,5.0,100.0,11.277444839477539,91.86991882324219,10.0,1.0,6.0,30.0,0.625,2.09371466856496e-05,3.0,2.0,5.0,1
org.apache.lucene.analysis.ISOLatin1AccentFilter,3.0,2.0,6.0,33.33333206176758,1.0,33.33333206176758,13.772455215454102,58.227848052978516,2.0,0.6666666865348816,0.0,0.0,0.714285714285714,0.0,0.0,3.0,3.0,0
org.apache.lucene.analysis.KeywordAnalyzer,4.0,3.0,12.0,25.0,1.0,25.0,14.271456718444824,71.5,4.5,0.75,0.0,0.0,0.636363636363636,0.0,0.0,4.0,4.0,1
org.apache.lucene.analysis.KeywordTokenizer,3.0,1.0,6.0,16.66666603088379,2.0,66.66666412353516,10.878243446350098,90.0826416015625,2.5,0.8333333134651184,1.0,16.66666603088379,0.625,8.30839154192447e-07,1.0,2.0,3.0,1
org.apache.lucene.analysis.LengthFilter,3.0,2.0,6.0,33.33333206176758,1.0,33.33333206176758,13.772455215454102,58.227848052978516,2.0,0.6666666865348816,0.0,0.0,0.714285714285714,0.0,0.0,3.0,3.0,0
org.apache.lucene.analysis.LetterTokenizer,2.0,0.0,2.0,0.0,2.0,100.0,0.7984032034873962,100.0,1.0,1.0,1.0,50.0,0.428571428571428,5.28413702066396e-05,1.0,1.0,2.0,0
org.apache.lucene.analysis.LowerCaseFilter,9.0,8.0,72.0,11.11111068725586,1.0,11.11111068725586,14.570858001708984,49.49152374267578,32.0,0.8888888955116272,9.0,12.5,0.714285714285714,9.28123598426173e-06,6.0,3.0,9.0,0
org.apache.lucene.analysis.LowerCaseTokenizer,3.0,0.0,6.0,0.0,3.0,100.0,1.6966067552566528,85.0,3.0,1.0,2.0,33.33333206176758,0.333333333333333,9.77066845330318e-05,2.0,1.0,3.0,1
org.apache.lucene.analysis.PerFieldAnalyzerWrapper,2.0,1.0,2.0,50.0,1.0,50.0,13.37325382232666,73.62637329101562,0.5,0.5,0.0,0.0,0.555555555555555,0.0,0.0,2.0,2.0,1
org.apache.lucene.analysis.PorterStemFilter,5.0,3.0,20.0,15.0,2.0,40.0,13.872255325317383,57.43801498413086,8.5,0.8500000238418579,2.5,12.5,0.75,1.1000310401508e-05,1.0,4.0,5.0,0
org.apache.lucene.analysis.PorterStemmer,1.0,0.0,0.0,0.0,1.0,100.0,0.49900200963020325,100.0,0.0,0.0,0.0,0.0,0.0,0.0,1.0,0.0,1.0,0
org.apache.lucene.analysis.SimpleAnalyzer,7.0,7.0,42.0,16.66666603088379,2.0,28.571428298950195,18.762475967407227,67.14286041259766,17.5,0.8333333134651184,6.5,15.476190567016602,0.5625,6.4860843303957e-05,3.0,4.0,7.0,1
org.apache.lucene.analysis.SinkTokenizer,6.0,4.0,30.0,13.333333015441895,2.0,33.33333206176758,10.878243446350098,85.82677459716797,13.0,0.8666666746139526,4.0,13.333333015441895,0.625,6.97904889521656e-06,4.0,2.0,6.0,0
org.apache.lucene.analysis.StopAnalyzer,11.0,16.0,110.0,14.545454978942871,2.0,18.18181800842285,14.970060348510742,56.39097595214844,47.0,0.8545454740524292,18.0,16.363636016845703,0.592592592592592,0.000203223257115472,4.0,8.0,12.0,1
org.apache.lucene.analysis.StopFilter,18.0,19.0,306.0,6.209150314331055,2.0,11.11111068725586,15.768463134765625,44.2577018737793,143.5,0.9379084706306458,35.0,11.437908172607422,0.7,0.000119782843491857,14.0,4.0,18.0,1
org.apache.lucene.analysis.TeeTokenFilter,4.0,3.0,12.0,25.0,1.0,25.0,13.772455215454102,56.790122985839844,4.5,0.75,0.0,0.0,0.7,0.0,0.0,4.0,4.0,0
org.apache.lucene.analysis.Token,102.0,131.0,10302.0,1.2715977430343628,8.0,7.843137264251709,33.033931732177734,37.02460861206055,5085.5,0.9872840046882629,157.0,1.5239759683609009,1.0,0.00032675800065352,100.0,2.0,102.0,1
org.apache.lucene.analysis.TokenFilter,31.0,30.0,930.0,3.225806474685669,1.0,3.225806474685669,11.87624740600586,44.90565872192383,450.0,0.9677419066429138,0.0,0.0,0.5,0.0,30.0,1.0,31.0,1
org.apache.lucene.analysis.TokenStream,104.0,257.0,10712.0,2.3991785049438477,2.0,1.923076868057251,34.83033752441406,31.61231803894043,5227.5,0.9760082364082336,87.13333129882812,0.8134179711341858,0.75,0.000987656079247914,102.0,2.0,104.0,1
org.apache.lucene.analysis.Tokenizer,15.0,8.0,210.0,3.809523820877075,9.0,60.0,12.874251365661621,72.47190856933594,101.0,0.961904764175415,9.0,4.285714149475098,0.5,1.79461257305568e-05,14.0,1.0,15.0,1
org.apache.lucene.analysis.WhitespaceAnalyzer,7.0,5.0,42.0,11.904762268066406,2.0,28.571428298950195,16.66666603088379,65.74803161621094,18.5,0.8809523582458496,7.5,17.85714340209961,0.615384615384615,1.92175835394891e-05,3.0,4.0,7.0,1
org.apache.lucene.analysis.WhitespaceTokenizer,2.0,0.0,2.0,0.0,2.0,100.0,1.0978044271469116,91.66666412353516,1.0,1.0,1.0,50.0,0.428571428571428,5.98204191018562e-06,1.0,1.0,2.0,1
org.apache.lucene.analysis.WordlistLoader,7.0,1.0,42.0,2.3809523582458496,6.0,85.71428680419922,3.493013858795166,50.72463607788086,20.5,0.976190447807312,0.0,0.0,0.0,0.0,7.0,0.0,7.0,1
org.apache.lucene.analysis.standard.StandardAnalyzer,20.0,25.0,380.0,6.5789475440979,1.0,5.0,19.16167640686035,48.73096466064453,177.5,0.9342105388641357,83.0,21.842105865478516,0.560975609756097,0.000283001447753391,10.0,10.0,20.0,1
org.apache.lucene.analysis.standard.StandardFilter,12.0,11.0,132.0,8.333333015441895,1.0,8.333333015441895,14.570858001708984,46.79487228393555,60.5,0.9166666865348816,20.0,15.151515007019043,0.615384615384615,2.26411295836762e-05,8.0,4.0,12.0,0
org.apache.lucene.analysis.standard.StandardTokenizer,13.0,2.0,156.0,1.2820513248443604,11.0,84.61538696289062,12.874251365661621,63.861385345458984,77.0,0.9871794581413269,31.0,19.871795654296875,0.666666666666666,3.73802161790503e-05,11.0,3.0,14.0,1
org.apache.lucene.analysis.standard.StandardTokenizerImpl,3.0,2.0,6.0,33.33333206176758,1.0,33.33333206176758,11.377245903015137,89.76377868652344,2.0,0.6666666865348816,1.0,16.66666603088379,0.545454545454545,1.99401397006187e-06,2.0,2.0,4.0,0
org.apache.lucene.document.AbstractField,7.0,8.0,42.0,19.047618865966797,2.0,28.571428298950195,4.790419101715088,41.02564239501953,17.0,0.8095238208770752,4.0,9.523809432983398,0.5,9.61143949891729e-06,3.0,4.0,7.0,1
org.apache.lucene.document.DateField,1.0,0.0,0.0,0.0,1.0,100.0,4.3912177085876465,100.0,0.0,0.0,0.0,0.0,0.0,0.0,1.0,0.0,1.0,1
org.apache.lucene.document.DateTools,8.0,8.0,56.0,14.285714149475098,1.0,12.5,10.479042053222656,62.13017654418945,24.0,0.8571428656578064,0.0,0.0,1.0,0.0,7.0,1.0,8.0,1
org.apache.lucene.document.Document,69.0,177.0,4692.0,3.772378444671631,3.0,4.34782600402832,45.20957946777344,33.856502532958984,2257.5,0.9622762203216553,149.0833282470703,3.177394151687622,0.461538461538461,0.00382716448147937,67.0,3.0,70.0,0
org.apache.lucene.document.Field,26.0,75.0,650.0,11.538461685180664,1.0,3.846153736114502,25.349302291870117,48.01512145996094,287.5,0.8846153616905212,60.0,9.230769157409668,0.666666666666666,0.00233357854025933,20.0,6.0,26.0,1
org.apache.lucene.document.FieldSelector,24.0,34.0,552.0,6.159420490264893,1.0,4.166666507720947,27.045907974243164,50.74906539916992,259.0,0.9384058117866516,13.833333015441895,2.5060386657714844,1.0,0.000392475756034353,23.0,1.0,24.0,0
org.apache.lucene.document.FieldSelectorResult,8.0,7.0,56.0,12.5,1.0,12.5,4.890219688415527,68.05555725097656,24.5,0.875,0.0,0.0,0.0,0.0,8.0,0.0,8.0,1
org.apache.lucene.document.Fieldable,34.0,62.0,1122.0,5.525846481323242,1.0,2.941176414489746,31.137723922729492,47.56097412109375,530.0,0.9447415471076965,20.83333396911621,1.856803297996521,0.5,0.000579753518243314,33.0,1.0,34.0,1
org.apache.lucene.document.LoadFirstFieldSelector,2.0,1.0,2.0,50.0,1.0,50.0,2.395209550857544,75.0,0.5,0.5,0.0,0.0,1.0,0.0,0.0,2.0,2.0,0
org.apache.lucene.document.MapFieldSelector,2.0,1.0,2.0,50.0,1.0,50.0,2.395209550857544,75.0,0.5,0.5,0.0,0.0,1.0,0.0,0.0,2.0,2.0,0
org.apache.lucene.document.SetBasedFieldSelector,3.0,2.0,6.0,33.33333206176758,1.0,33.33333206176758,2.694610834121704,71.0526351928711,2.0,0.6666666865348816,0.5,8.333333015441895,1.0,4.98503492515468e-07,1.0,2.0,3.0,0
org.apache.lucene.index.BufferedDeletes,5.0,7.0,20.0,35.0,1.0,20.0,7.784430980682373,74.28571319580078,6.5,0.6499999761581421,0.0,0.0,0.436363636363636,0.0,1.0,4.0,5.0,1
org.apache.lucene.index.ByteBlockPool,5.0,4.0,20.0,20.0,2.0,40.0,3.2934131622314453,55.93220520019531,8.0,0.800000011920929,2.5,12.5,1.0,3.32335661676979e-06,4.0,1.0,5.0,0
org.apache.lucene.index.ByteSliceReader,8.0,12.0,56.0,21.428571701049805,1.0,12.5,8.483034133911133,52.46913528442383,22.0,0.7857142686843872,8.0,14.285714149475098,0.583333333333333,7.6452308352145e-05,5.0,3.0,8.0,0
org.apache.lucene.index.ByteSliceWriter,1.0,0.0,0.0,0.0,1.0,100.0,0.49900200963020325,100.0,0.0,0.0,0.0,0.0,0.666666666666666,0.0,0.0,1.0,1.0,0
org.apache.lucene.index.CharBlockPool,5.0,7.0,20.0,35.0,1.0,20.0,7.8842315673828125,61.24031066894531,6.5,0.6499999761581421,1.5,7.5,0.258592471358428,0.000224266512941711,4.0,1.0,5.0,0
org.apache.lucene.index.CheckIndex,15.0,23.0,210.0,10.952381134033203,2.0,13.333333015441895,28.043912887573242,48.531951904296875,93.5,0.8904761672019958,0.0,0.0,0.215924426450742,0.0,0.0,15.0,15.0,1
org.apache.lucene.index.CompoundFileReader,9.0,11.0,72.0,15.277777671813965,2.0,22.22222137451172,27.245508193969727,70.17994689941406,30.5,0.8472222089767456,7.5,10.416666984558105,0.636363636363636,0.00173528411281435,2.0,7.0,9.0,0
org.apache.lucene.index.CompoundFileWriter,9.0,15.0,72.0,20.83333396911621,2.0,22.22222137451172,16.966068267822266,56.85618591308594,28.5,0.7916666865348816,9.166666984558105,12.731481552124023,0.384615384615384,0.00113900623307741,3.0,6.0,9.0,0
org.apache.lucene.index.ConcurrentMergeScheduler,7.0,12.0,42.0,28.571428298950195,1.0,14.285714149475098,11.67664623260498,57.635467529296875,15.0,0.7142857313156128,3.5,8.333333015441895,0.239575435936315,0.000429211507055818,2.0,7.0,9.0,1
org.apache.lucene.index.CorruptIndexException,37.0,97.0,1332.0,7.28228235244751,1.0,2.702702760696411,35.12974166870117,40.4133186340332,617.5,0.9271771907806396,0.0,0.0,0.0,0.0,37.0,0.0,37.0,0
org.apache.lucene.index.DefaultSkipListReader,3.0,2.0,6.0,33.33333206176758,1.0,33.33333206176758,4.590818405151367,79.31034851074219,2.0,0.6666666865348816,1.0,16.66666603088379,0.666666666666666,0.000861414035066729,1.0,2.0,3.0,0
org.apache.lucene.index.DefaultSkipListWriter,4.0,3.0,12.0,25.0,1.0,25.0,6.08782434463501,70.11494445800781,4.5,0.75,2.0,16.66666603088379,0.196319018404907,0.000431704024518395,2.0,2.0,4.0,0
org.apache.lucene.index.DirectoryIndexReader,20.0,73.0,380.0,19.210525512695312,1.0,5.0,30.239521026611328,49.18831253051758,153.5,0.807894766330719,68.83333587646484,18.11403465270996,0.281138790035587,0.0538001252256644,5.0,18.0,23.0,1
org.apache.lucene.index.DocConsumer,5.0,11.0,20.0,55.0,1.0,20.0,5.389221668243408,58.69565200805664,4.5,0.44999998807907104,0.5,2.5,0.207349081364829,4.98503492515468e-07,3.0,3.0,6.0,0
org.apache.lucene.index.DocConsumerPerThread,6.0,15.0,30.0,50.0,1.0,16.66666603088379,6.786427021026611,59.64912414550781,7.5,0.5,1.8333333730697632,6.111111164093018,1.0,1.74476222380414e-06,5.0,1.0,6.0,0
org.apache.lucene.index.DocFieldConsumer,9.0,30.0,72.0,41.66666793823242,1.0,11.11111068725586,8.283432960510254,45.10869598388672,21.0,0.5833333134651184,0.800000011920929,1.1111111640930176,0.216884008236101,0.000238716705782572,6.0,4.0,10.0,0
org.apache.lucene.index.DocFieldConsumerPerField,11.0,26.0,110.0,23.636363983154297,1.0,9.090909004211426,6.986027717590332,43.75,42.0,0.7636363506317139,2.3333332538604736,2.1212120056152344,0.384615384615384,9.01816556222031e-06,10.0,1.0,11.0,0
org.apache.lucene.index.DocFieldConsumerPerThread,13.0,37.0,156.0,23.71794891357422,1.0,7.692307472229004,6.2874250411987305,34.61538314819336,59.5,0.7628205418586731,6.166666507720947,3.952991485595703,0.38095238095238,5.55950085462489e-06,10.0,3.0,13.0,0
org.apache.lucene.index.DocFieldConsumers,11.0,22.0,110.0,20.0,2.0,18.18181800842285,8.083832740783691,45.0,44.0,0.800000011920929,35.0,31.81818199157715,0.219140083217753,0.00228641791800526,3.0,10.0,13.0,0
org.apache.lucene.index.DocFieldConsumersPerField,4.0,5.0,12.0,41.66666793823242,1.0,25.0,4.690618991851807,72.30769348144531,3.5,0.5833333134651184,1.0,8.333333015441895,0.180365296803652,3.07410487051205e-06,2.0,3.0,5.0,0
org.apache.lucene.index.DocFieldConsumersPerThread,9.0,16.0,72.0,22.22222137451172,1.0,11.11111068725586,5.289421081542969,40.769229888916016,28.0,0.7777777910232544,8.916666984558105,12.384259223937988,0.218533886583679,0.000312212737362438,2.0,9.0,11.0,0
org.apache.lucene.index.DocFieldProcessor,10.0,27.0,90.0,30.0,1.0,10.0,12.075848579406738,50.840335845947266,31.5,0.699999988079071,4.833333492279053,5.370370388031006,0.262458471760797,0.000242493337310195,2.0,10.0,12.0,1
org.apache.lucene.index.DocFieldProcessorPerField,5.0,7.0,20.0,35.0,1.0,20.0,6.586826324462891,60.55045700073242,6.5,0.6499999761581421,0.0,0.0,0.216438356164383,0.0,1.0,5.0,6.0,0
org.apache.lucene.index.DocFieldProcessorPerThread,22.0,82.0,462.0,17.748918533325195,1.0,4.545454502105713,18.163673400878906,38.72340393066406,190.0,0.822510838508606,87.5,18.939393997192383,0.274305555555555,0.00200538791042054,9.0,16.0,25.0,1
org.apache.lucene.index.DocInverter,14.0,40.0,182.0,21.9780216217041,1.0,7.142857074737549,8.383233070373535,37.0044059753418,71.0,0.7802197933197021,22.16666603088379,12.179487228393555,0.222378606615059,0.00202461087560542,2.0,13.0,15.0,0
org.apache.lucene.index.DocInverterPerField,21.0,57.0,420.0,13.571428298950195,1.0,4.761904716491699,27.944110870361328,44.164039611816406,181.5,0.8642857074737549,70.6500015258789,16.821428298950195,0.267569856054191,0.00118317762094064,8.0,16.0,24.0,1
org.apache.lucene.index.DocInverterPerThread,19.0,48.0,342.0,14.035087585449219,1.0,5.263157844543457,16.566865921020508,47.83861541748047,147.0,0.859649121761322,78.33333587646484,22.904483795166016,0.222378606615059,0.000697545563973584,8.0,15.0,23.0,1
org.apache.lucene.index.DocumentsWriter,53.0,185.0,2756.0,6.712626934051514,1.0,1.8867924213409424,50.09980010986328,32.55512237548828,1285.5,0.9328737258911133,1341.4952392578125,48.675445556640625,0.347634763476347,0.0495427176840381,18.0,46.0,64.0,1
org.apache.lucene.index.DocumentsWriterThreadState,7.0,16.0,42.0,38.095237731933594,1.0,14.285714149475098,11.97604751586914,67.41573333740234,13.0,0.6190476417541504,6.5,15.476190567016602,0.259441707717569,0.000170637666842012,4.0,5.0,9.0,1
org.apache.lucene.index.FieldInfo,29.0,84.0,812.0,10.344827651977539,1.0,3.4482758045196533,12.874251365661621,28.289474487304688,364.0,0.8965517282485962,0.0,0.0,0.0,0.0,29.0,0.0,29.0,1
org.apache.lucene.index.FieldInfos,31.0,112.0,930.0,12.043010711669922,1.0,3.225806474685669,23.552894592285156,34.756996154785156,409.0,0.8795698881149292,76.0,8.172042846679688,0.444444444444444,0.000332547093778018,25.0,6.0,31.0,1
org.apache.lucene.index.FieldReaderException,1.0,0.0,0.0,0.0,1.0,100.0,0.9980040192604065,100.0,0.0,0.0,0.0,0.0,0.0,0.0,1.0,0.0,1.0,0
org.apache.lucene.index.FieldSortedTermVectorMapper,3.0,2.0,6.0,33.33333206176758,1.0,33.33333206176758,2.7944111824035645,68.29268646240234,2.0,0.6666666865348816,0.0,0.0,1.0,0.0,0.0,3.0,3.0,0
org.apache.lucene.index.FieldsReader,19.0,38.0,342.0,11.11111068725586,1.0,5.263157844543457,20.459081649780273,40.19607925415039,152.0,0.8888888955116272,24.16666603088379,7.066277027130127,0.571428571428571,0.0013528143923198,3.0,17.0,20.0,1
org.apache.lucene.index.FieldsWriter,13.0,33.0,156.0,21.153846740722656,1.0,7.692307472229004,19.760478973388672,50.63938522338867,61.5,0.7884615659713745,11.366666793823242,7.286324977874756,0.29936305732484,0.000297067965158619,4.0,9.0,13.0,1
org.apache.lucene.index.FilterIndexReader,14.0,19.0,182.0,10.439560890197754,1.0,7.142857074737549,34.73053741455078,47.28260803222656,81.5,0.8956043720245361,10.0,5.494505405426025,0.197877652933832,2.82152976763755e-05,2.0,12.0,14.0,1
org.apache.lucene.index.FreqProxFieldMergeState,10.0,27.0,90.0,30.0,1.0,10.0,6.08782434463501,40.1315803527832,31.5,0.699999988079071,0.3333333432674408,0.37037035822868347,0.21673525377229,4.65269926347773e-05,1.0,9.0,10.0,0
org.apache.lucene.index.FreqProxTermsWriter,24.0,67.0,552.0,12.137681007385254,1.0,4.166666507720947,19.361276626586914,36.32958984375,242.5,0.8786231875419617,80.06666564941406,14.504831314086914,0.282142857142857,0.00379649148332631,1.0,24.0,25.0,1
org.apache.lucene.index.FreqProxTermsWriterPerField,13.0,27.0,156.0,17.30769157409668,1.0,7.692307472229004,17.664670944213867,60.20408248901367,64.5,0.8269230723381042,9.833333015441895,6.3034186363220215,0.222849083215796,5.74052710672659e-05,3.0,11.0,14.0,0
org.apache.lucene.index.FreqProxTermsWriterPerThread,10.0,28.0,90.0,31.11111068725586,1.0,10.0,6.986027717590332,38.674034118652344,31.0,0.6888889074325562,4.25,4.722222328186035,0.223321554770318,1.15644897509739e-05,3.0,8.0,11.0,0
org.apache.lucene.index.IndexCommit,9.0,12.0,72.0,16.66666603088379,1.0,11.11111068725586,22.954092025756836,77.18120574951172,30.0,0.8333333134651184,7.0,9.722222328186035,0.439999999999999,0.000448154639771406,7.0,2.0,9.0,1
org.apache.lucene.index.IndexCommitPoint,2.0,1.0,2.0,50.0,1.0,50.0,0.9980040192604065,76.92308044433594,0.5,0.5,0.0,0.0,0.0,0.0,2.0,0.0,2.0,0
org.apache.lucene.index.IndexDeletionPolicy,8.0,12.0,56.0,21.428571701049805,2.0,25.0,22.954092025756836,77.70270538330078,22.0,0.7857142686843872,0.0,0.0,0.0,0.0,8.0,0.0,8.0,0
org.apache.lucene.index.IndexFileDeleter,12.0,26.0,132.0,19.696969985961914,3.0,25.0,14.670659065246582,45.9375,53.0,0.8030303120613098,21.0,15.909090995788574,0.265100671140939,0.00163825378752666,3.0,10.0,13.0,1
org.apache.lucene.index.IndexFileNameFilter,3.0,0.0,6.0,0.0,3.0,100.0,3.992016077041626,90.90908813476562,3.0,1.0,2.0,33.33333206176758,1.0,2.18801491256581e-05,2.0,1.0,3.0,0
org.apache.lucene.index.IndexFileNames,5.0,2.0,20.0,10.0,3.0,60.0,6.08782434463501,61.61616134643555,9.0,0.8999999761581421,0.0,0.0,0.0,0.0,5.0,0.0,5.0,0
org.apache.lucene.index.IndexModifier,13.0,23.0,156.0,14.743589401245117,1.0,7.692307472229004,37.52495193481445,53.868194580078125,66.5,0.8525640964508057,0.0,0.0,0.25,0.0,0.0,13.0,13.0,1
org.apache.lucene.index.IndexReader,179.0,687.0,31862.0,2.1561734676361084,1.0,0.5586591958999634,63.9720573425293,23.309091567993164,15587.5,0.9784382581710815,6748.38037109375,21.180028915405273,0.24048706240487,0.0735828313105116,155.0,25.0,180.0,1
org.apache.lucene.index.IndexWriter,61.0,208.0,3660.0,5.683060169219971,2.0,3.278688430786133,54.79042053222656,36.599998474121094,1726.0,0.9431694149971008,1179.316650390625,32.22176742553711,0.311023622047244,0.0272400292658024,33.0,34.0,67.0,1
org.apache.lucene.index.IntBlockPool,3.0,3.0,6.0,50.0,1.0,33.33333206176758,7.185628890991211,72.0,1.5,0.5,0.5,8.333333015441895,0.258592471358428,6.38435511104183e-05,2.0,1.0,3.0,0
org.apache.lucene.index.InvertedDocConsumer,7.0,16.0,42.0,38.095237731933594,1.0,14.285714149475098,8.383233070373535,53.846153259277344,13.0,0.6190476417541504,3.3333332538604736,7.936507701873779,0.213947190250507,0.000321322119671882,4.0,4.0,8.0,0
org.apache.lucene.index.InvertedDocConsumerPerField,7.0,13.0,42.0,30.952381134033203,1.0,14.285714149475098,16.367265701293945,72.24669647216797,14.5,0.6904761791229248,2.6666667461395264,6.349206447601318,0.625,5.10948523854524e-06,5.0,2.0,7.0,0
org.apache.lucene.index.InvertedDocConsumerPerThread,9.0,22.0,72.0,30.55555534362793,1.0,11.11111068725586,6.487025737762451,42.76315689086914,25.0,0.6944444179534912,5.666666507720947,7.870370388031006,0.211796246648793,6.36106281957436e-06,6.0,4.0,10.0,0
org.apache.lucene.index.InvertedDocEndConsumer,7.0,15.0,42.0,35.71428680419922,1.0,14.285714149475098,7.984032154083252,51.94805145263672,13.5,0.6428571343421936,3.3333332538604736,7.936507701873779,0.213947190250507,0.000321820623164398,4.0,4.0,8.0,0
org.apache.lucene.index.InvertedDocEndConsumerPerField,5.0,9.0,20.0,45.0,1.0,20.0,3.0938124656677246,51.66666793823242,5.5,0.550000011920929,0.0,0.0,0.0,0.0,5.0,0.0,5.0,0
org.apache.lucene.index.InvertedDocEndConsumerPerThread,8.0,21.0,56.0,37.5,1.0,12.5,5.089820384979248,43.965518951416016,17.5,0.625,3.5,6.25,0.211512717536813,4.58306702960253e-06,6.0,3.0,9.0,0
org.apache.lucene.index.KeepOnlyLastCommitDeletionPolicy,4.0,4.0,12.0,33.33333206176758,1.0,25.0,7.185628890991211,73.46939086914062,4.0,0.6666666865348816,1.0,8.333333015441895,0.342105263157894,3.3375995736988e-05,2.0,2.0,4.0,0
org.apache.lucene.index.LogByteSizeMergePolicy,3.0,4.0,6.0,66.66666412353516,1.0,33.33333206176758,7.0858283042907715,75.53191375732422,1.0,0.3333333432674408,0.0,0.0,0.195182211241507,0.0,1.0,2.0,3.0,1
org.apache.lucene.index.LogDocMergePolicy,3.0,4.0,6.0,66.66666412353516,1.0,33.33333206176758,7.0858283042907715,75.53191375732422,1.0,0.3333333432674408,0.0,0.0,0.195182211241507,0.0,1.0,2.0,3.0,1
org.apache.lucene.index.LogMergePolicy,10.0,25.0,90.0,27.77777862548828,1.0,10.0,11.97604751586914,46.153846740722656,32.5,0.7222222089767456,15.0,16.66666603088379,0.24067022086824,0.000608838932192225,3.0,8.0,11.0,1
org.apache.lucene.index.MergeDocIDRemapper,5.0,9.0,20.0,45.0,1.0,20.0,8.183632850646973,65.0793685913086,5.5,0.550000011920929,0.3333333432674408,1.6666666269302368,0.431372549019607,6.64671323353958e-07,2.0,3.0,5.0,1
org.apache.lucene.index.MergePolicy,7.0,13.0,42.0,30.952381134033203,1.0,14.285714149475098,9.880239486694336,56.25,14.5,0.6904761791229248,2.0,4.761904716491699,0.239939255884586,5.8986342911998e-06,3.0,5.0,8.0,1
org.apache.lucene.index.MergeScheduler,6.0,10.0,30.0,33.33333206176758,1.0,16.66666603088379,8.682634353637695,65.41353607177734,10.0,0.6666666865348816,0.5,1.6666666269302368,0.237593984962406,4.74765230967112e-07,5.0,2.0,7.0,0
org.apache.lucene.index.MultiLevelSkipListReader,4.0,3.0,12.0,25.0,1.0,25.0,4.091816425323486,83.67346954345703,4.5,0.75,2.0,16.66666603088379,1.0,0.000433698038488457,1.0,3.0,4.0,0
org.apache.lucene.index.MultiLevelSkipListWriter,3.0,2.0,6.0,33.33333206176758,1.0,33.33333206176758,3.2934131622314453,75.0,2.0,0.6666666865348816,1.0,16.66666603088379,0.227941176470588,2.79161955808662e-05,1.0,2.0,3.0,1
org.apache.lucene.index.MultiReader,16.0,51.0,240.0,21.25,1.0,6.25,32.035926818847656,45.21126937866211,94.5,0.7875000238418579,0.0,0.0,0.21771978021978,0.0,0.0,16.0,16.0,1
org.apache.lucene.index.MultiSegmentReader,22.0,78.0,462.0,16.88311767578125,1.0,4.545454502105713,35.02994155883789,40.39125442504883,192.0,0.8311688303947449,35.0,7.5757575035095215,0.248818897637795,0.00149730575979722,4.0,20.0,24.0,1
org.apache.lucene.index.MultipleTermPositions,8.0,9.0,56.0,16.071428298950195,2.0,25.0,25.4491024017334,58.891456604003906,23.5,0.8392857313156128,3.5,6.25,0.196681007990165,8.79027825135609e-05,1.0,7.0,8.0,0
org.apache.lucene.index.NormsWriter,13.0,30.0,156.0,19.230770111083984,1.0,7.692307472229004,20.459081649780273,54.23280334472656,63.0,0.807692289352417,28.83333396911621,18.482906341552734,0.246874999999999,0.00134368344193662,2.0,12.0,14.0,0
org.apache.lucene.index.NormsWriterPerField,9.0,13.0,72.0,18.05555534362793,2.0,22.22222137451172,11.277444839477539,65.31791687011719,29.5,0.8194444179534912,5.333333492279053,7.407407283782959,0.222692036645525,4.19814267415508e-05,2.0,8.0,10.0,0
org.apache.lucene.index.NormsWriterPerThread,8.0,20.0,56.0,35.71428680419922,1.0,12.5,5.289421081542969,42.74193572998047,18.0,0.6428571343421936,2.9166667461395264,5.208333492279053,0.226848528356066,1.6136746817794e-05,2.0,8.0,10.0,0
org.apache.lucene.index.ParallelArrayTermVectorMapper,6.0,8.0,30.0,26.66666603088379,1.0,16.66666603088379,3.792415142059326,49.350650787353516,11.0,0.7333333492279053,1.0,3.3333332538604736,0.857142857142857,0.000432701031503426,1.0,5.0,6.0,0
org.apache.lucene.index.ParallelReader,16.0,28.0,240.0,11.666666984558105,1.0,6.25,32.43513107299805,47.307132720947266,106.0,0.8833333253860474,21.75,9.0625,0.199376947040498,4.34766260258133e-05,3.0,16.0,19.0,1
org.apache.lucene.index.Payload,10.0,14.0,90.0,15.55555534362793,1.0,10.0,16.966068267822266,62.271060943603516,38.0,0.8444444537162781,4.0,4.44444465637207,1.0,7.69688353068498e-05,9.0,1.0,10.0,0
org.apache.lucene.index.PositionBasedTermVectorMapper,3.0,2.0,6.0,33.33333206176758,1.0,33.33333206176758,2.694610834121704,69.23076629638672,2.0,0.6666666865348816,0.0,0.0,1.0,0.0,0.0,3.0,3.0,0
org.apache.lucene.index.RawPostingList,12.0,34.0,132.0,25.75757598876953,1.0,8.333333015441895,4.990019798278809,29.41176414489746,49.0,0.7424242496490479,0.0,0.0,0.0,0.0,12.0,0.0,12.0,0
org.apache.lucene.index.ReadOnlyMultiSegmentReader,6.0,13.0,30.0,43.33333206176758,1.0,16.66666603088379,10.479042053222656,58.33333206176758,8.5,0.5666666626930237,1.0,3.3333332538604736,0.209549071618037,7.65202861011244e-05,3.0,5.0,8.0,1
org.apache.lucene.index.ReadOnlySegmentReader,3.0,3.0,6.0,50.0,1.0,33.33333206176758,3.992016077041626,75.47169494628906,1.5,0.5,0.5,8.333333015441895,0.205194805194805,4.98503492515468e-07,2.0,2.0,4.0,0
org.apache.lucene.index.ReusableStringReader,2.0,2.0,2.0,100.0,1.0,50.0,2.7944111824035645,70.0,0.0,0.0,0.0,0.0,0.0,0.0,2.0,0.0,2.0,0
org.apache.lucene.index.SegmentInfo,23.0,79.0,506.0,15.612648010253906,1.0,4.34782600402832,17.76447105407715,37.238494873046875,213.5,0.8438735008239746,36.233333587646484,7.160737991333008,0.571428571428571,0.000316847122238427,18.0,5.0,23.0,1
org.apache.lucene.index.SegmentInfos,30.0,113.0,870.0,12.988505363464355,1.0,3.3333332538604736,31.137723922729492,43.758766174316406,378.5,0.8701149225234985,138.6666717529297,15.93869686126709,0.633333333333333,0.00276832168946161,22.0,10.0,32.0,1
org.apache.lucene.index.SegmentMergeInfo,7.0,14.0,42.0,33.33333206176758,1.0,14.285714149475098,26.447105407714844,58.241756439208984,14.0,0.6666666865348816,3.5,8.333333015441895,0.194701170671595,0.000312561689807198,3.0,4.0,7.0,1
org.apache.lucene.index.SegmentMergeQueue,5.0,5.0,20.0,25.0,2.0,40.0,17.86427116394043,87.31707000732422,7.5,0.75,2.0,10.0,0.16398546964193,8.6557614359154e-05,2.0,3.0,5.0,0
org.apache.lucene.index.SegmentMerger,31.0,90.0,930.0,9.677419662475586,2.0,6.451612949371338,40.6187629699707,39.823875427246094,420.0,0.9032257795333862,79.28333282470703,8.525089263916016,0.266666666666666,0.00529090596365372,4.0,30.0,34.0,1
org.apache.lucene.index.SegmentReader,39.0,162.0,1482.0,10.931174278259277,1.0,2.5641026496887207,34.73053741455078,33.5260124206543,660.0,0.8906882405281067,334.5333251953125,22.57309913635254,0.257119609438567,0.0139770149121908,14.0,32.0,46.0,1
org.apache.lucene.index.SegmentTermDocs,14.0,34.0,182.0,18.681318283081055,1.0,7.142857074737549,22.355289459228516,51.85185241699219,74.0,0.8131868243217468,11.0,6.043956279754639,0.209271523178807,0.00130708327885402,3.0,12.0,15.0,1
org.apache.lucene.index.SegmentTermEnum,11.0,26.0,110.0,23.636363983154297,1.0,9.090909004211426,21.556886672973633,54.54545593261719,42.0,0.7636363506317139,11.333333015441895,10.303030014038086,0.379746835443038,0.000469853856586884,4.0,7.0,11.0,0
org.apache.lucene.index.SegmentTermPositionVector,4.0,3.0,12.0,25.0,1.0,25.0,2.2954092025756836,58.97435760498047,4.5,0.75,1.0,8.333333015441895,0.8,1.99401397006187e-06,1.0,3.0,4.0,0
org.apache.lucene.index.SegmentTermPositions,6.0,9.0,30.0,30.0,1.0,16.66666603088379,19.361276626586914,71.32353210449219,10.5,0.699999988079071,0.0,0.0,0.205729166666666,0.0,1.0,6.0,7.0,1
org.apache.lucene.index.SegmentTermVector,4.0,4.0,12.0,33.33333206176758,1.0,25.0,2.694610834121704,64.28571319580078,4.0,0.6666666865348816,1.0,8.333333015441895,1.0,4.98503492515468e-07,3.0,1.0,4.0,0
org.apache.lucene.index.SerialMergeScheduler,5.0,8.0,20.0,40.0,1.0,20.0,8.682634353637695,65.90908813476562,6.0,0.6000000238418579,0.5,2.5,0.238345864661654,4.98503492515468e-07,1.0,4.0,5.0,0
org.apache.lucene.index.SnapshotDeletionPolicy,4.0,2.0,12.0,16.66666603088379,2.0,50.0,1.3972055912017822,63.6363639831543,5.0,0.8333333134651184,1.5,12.5,0.368421052631578,1.4955104775464e-06,1.0,4.0,5.0,1
org.apache.lucene.index.SortedTermVectorMapper,3.0,2.0,6.0,33.33333206176758,1.0,33.33333206176758,2.7944111824035645,68.29268646240234,2.0,0.6666666865348816,0.0,0.0,1.0,0.0,0.0,3.0,3.0,0
org.apache.lucene.index.StaleReaderException,3.0,3.0,6.0,50.0,1.0,33.33333206176758,19.06187629699707,90.0943374633789,1.5,0.5,0.0,0.0,0.0,0.0,3.0,0.0,3.0,0
org.apache.lucene.index.StoredFieldsWriter,14.0,34.0,182.0,18.681318283081055,2.0,14.285714149475098,15.269460678100586,44.86803436279297,74.0,0.8131868243217468,55.41666793823242,30.44871711730957,0.276465441819772,0.00341118997800186,4.0,13.0,17.0,1
org.apache.lucene.index.StoredFieldsWriterPerField,10.0,19.0,90.0,21.11111068725586,1.0,10.0,9.081836700439453,51.12359619140625,35.5,0.7888888716697693,0.5833333134651184,0.6481481194496155,0.223796033994334,2.12220058242299e-06,1.0,10.0,11.0,1
org.apache.lucene.index.StoredFieldsWriterPerThread,12.0,28.0,132.0,21.212121963500977,1.0,8.333333015441895,8.283432960510254,38.7850456237793,52.0,0.7878788113594055,6.816666603088379,5.1641411781311035,0.223479490806223,0.000433374011218322,2.0,12.0,14.0,1
org.apache.lucene.index.Term,140.0,417.0,19460.0,2.142857074737549,1.0,0.7142857313156128,50.798404693603516,25.526578903198242,9521.5,0.9785714149475098,0.0,0.0,0.0,0.0,140.0,0.0,140.0,1
org.apache.lucene.index.TermBuffer,7.0,6.0,42.0,14.285714149475098,2.0,28.571428298950195,19.461078643798828,80.9128646850586,18.0,0.8571428656578064,3.0,7.142857074737549,0.361111111111111,1.38893287660687e-05,1.0,6.0,7.0,0
org.apache.lucene.index.TermDocs,37.0,120.0,1332.0,9.00900936126709,1.0,2.702702760696411,32.335330963134766,40.0,606.0,0.9099099040031433,6.25,0.4692192077636719,1.0,2.65896223980056e-05,35.0,2.0,37.0,0
org.apache.lucene.index.TermEnum,62.0,175.0,3782.0,4.627181529998779,1.0,1.6129032373428345,33.33333206176758,34.1164436340332,1803.5,0.953728199005127,0.0,0.0,1.0,0.0,61.0,1.0,62.0,1
org.apache.lucene.index.TermFreqVector,20.0,29.0,380.0,7.6315789222717285,3.0,15.0,25.54890251159668,52.89256286621094,175.5,0.9236842393875122,0.0,0.0,0.0,0.0,20.0,0.0,20.0,1
org.apache.lucene.index.TermInfo,8.0,14.0,56.0,25.0,1.0,12.5,7.385229587554932,49.6644287109375,21.0,0.75,0.0,0.0,0.0,0.0,8.0,0.0,8.0,0
org.apache.lucene.index.TermInfosReader,14.0,26.0,182.0,14.285714149475098,2.0,14.285714149475098,24.251497268676758,58.69565200805664,78.0,0.8571428656578064,9.166666984558105,5.036630153656006,0.425531914893617,0.00343937499626122,2.0,12.0,14.0,1
org.apache.lucene.index.TermInfosWriter,10.0,18.0,90.0,20.0,1.0,10.0,23.552894592285156,65.92179107666016,36.0,0.800000011920929,3.5,3.8888888359069824,0.397058823529411,5.19697831368197e-05,2.0,8.0,10.0,1
org.apache.lucene.index.TermPositionVector,8.0,9.0,56.0,16.071428298950195,1.0,12.5,6.38722562789917,62.74509811401367,23.5,0.8392857313156128,3.0,5.357142925262451,1.0,1.4955104775464e-06,6.0,2.0,8.0,0
org.apache.lucene.index.TermPositions,31.0,60.0,930.0,6.451612949371338,1.0,3.225806474685669,26.447105407714844,45.29914474487305,435.0,0.9354838728904724,12.666666984558105,1.3620071411132812,0.6,2.48278477534251e-05,30.0,1.0,31.0,0
org.apache.lucene.index.TermVectorEntry,4.0,2.0,12.0,16.66666603088379,2.0,50.0,2.1956088542938232,78.57142639160156,5.0,0.8333333134651184,1.0,8.333333015441895,1.0,9.97006985030937e-07,3.0,1.0,4.0,0
org.apache.lucene.index.TermVectorEntryFreqSortedComparator,1.0,0.0,0.0,0.0,1.0,100.0,0.3992016017436981,100.0,0.0,0.0,0.0,0.0,0.666666666666666,0.0,0.0,1.0,1.0,0
org.apache.lucene.index.TermVectorMapper,16.0,23.0,240.0,9.583333015441895,1.0,6.25,22.954092025756836,58.67346954345703,108.5,0.9041666388511658,5.5,2.2916667461395264,1.0,0.000343037427553827,15.0,1.0,16.0,0
org.apache.lucene.index.TermVectorOffsetInfo,21.0,34.0,420.0,8.095237731933594,1.0,4.761904716491699,7.984032154083252,37.91469192504883,193.0,0.9190475940704346,0.0,0.0,0.0,0.0,21.0,0.0,21.0,1
org.apache.lucene.index.TermVectorsReader,12.0,28.0,132.0,21.212121963500977,1.0,8.333333015441895,15.868263244628906,47.60478973388672,52.0,0.7878788113594055,9.5,7.196969509124756,0.392857142857142,0.00132174000282819,3.0,9.0,12.0,0
org.apache.lucene.index.TermVectorsTermsWriter,17.0,41.0,272.0,15.073529243469238,1.0,5.882352828979492,16.966068267822266,43.927650451660156,115.5,0.8492646813392639,84.83333587646484,31.1887264251709,0.284684684684684,0.00474908981311418,4.0,17.0,21.0,1
org.apache.lucene.index.TermVectorsTermsWriterPerField,19.0,43.0,342.0,12.573099136352539,1.0,5.263157844543457,19.56087875366211,53.4059944152832,149.5,0.8742690086364746,11.283333778381348,3.299220323562622,0.232866617538688,9.6709501988262e-05,2.0,19.0,21.0,1
org.apache.lucene.index.TermVectorsTermsWriterPerThread,12.0,31.0,132.0,23.484848022460938,1.0,8.333333015441895,6.986027717590332,36.45833206176758,50.5,0.7651515007019043,3.9000000953674316,2.954545497894287,0.230320699708454,3.19042235209899e-06,2.0,12.0,14.0,0
org.apache.lucene.index.TermVectorsWriter,13.0,24.0,156.0,15.384614944458008,2.0,15.384614944458008,15.968064308166504,52.980133056640625,66.0,0.8461538553237915,10.833333015441895,6.94444465637207,0.426829268292682,0.000843074110846317,2.0,11.0,13.0,1
org.apache.lucene.index.TermsHash,14.0,32.0,182.0,17.58241844177246,2.0,14.285714149475098,13.273452758789062,45.238094329833984,75.0,0.8241758346557617,43.91666793823242,24.130037307739258,0.277680140597539,0.00177565772457126,3.0,14.0,17.0,0
org.apache.lucene.index.TermsHashConsumer,9.0,27.0,72.0,37.5,1.0,11.11111068725586,9.181636810302734,45.5445556640625,22.5,0.625,2.6666667461395264,3.7037036418914795,0.215994531784005,0.000473022123228204,5.0,5.0,10.0,0
org.apache.lucene.index.TermsHashConsumerPerField,10.0,25.0,90.0,27.77777862548828,1.0,10.0,15.968064308166504,64.0,32.5,0.7222222089767456,4.5,5.0,0.666666666666666,7.71278125501491e-06,7.0,3.0,10.0,0
org.apache.lucene.index.TermsHashConsumerPerThread,11.0,34.0,110.0,30.909090042114258,1.0,9.090909004211426,6.986027717590332,37.03703689575195,38.0,0.6909090876579285,5.75,5.2272725105285645,0.184795321637426,6.44731183653339e-06,8.0,4.0,12.0,0
org.apache.lucene.index.TermsHashPerField,23.0,82.0,506.0,16.205533981323242,1.0,4.34782600402832,18.662673950195312,44.95192337036133,212.0,0.8379446864128113,55.150001525878906,10.899209022521973,0.225875625446747,0.000977389626579993,10.0,16.0,26.0,0
org.apache.lucene.index.TermsHashPerThread,24.0,89.0,552.0,16.123188018798828,1.0,4.166666507720947,10.479042053222656,29.494382858276367,231.5,0.8387681245803833,102.12142944335938,18.500259399414062,0.269394714407502,0.00127815384419644,9.0,18.0,27.0,0
org.apache.lucene.queryParser.CharStream,3.0,2.0,6.0,33.33333206176758,1.0,33.33333206176758,4.3912177085876465,86.2745132446289,2.0,0.6666666865348816,0.0,0.0,0.0,0.0,3.0,0.0,3.0,1
org.apache.lucene.queryParser.FastCharStream,2.0,1.0,2.0,50.0,1.0,50.0,4.3912177085876465,93.61701965332031,0.5,0.5,0.0,0.0,1.0,0.0,1.0,1.0,2.0,0
org.apache.lucene.queryParser.MultiFieldQueryParser,12.0,27.0,132.0,20.454545974731445,1.0,8.333333015441895,20.558881759643555,49.28229522705078,52.5,0.7954545617103577,15.5,11.742424011230469,0.202930005425935,0.000471852546275129,3.0,9.0,12.0,0
org.apache.lucene.queryParser.ParseException,10.0,9.0,90.0,10.0,1.0,10.0,7.0858283042907715,60.169490814208984,40.5,0.8999999761581421,5.5,6.111111164093018,1.0,1.01362376811478e-05,9.0,1.0,10.0,1
org.apache.lucene.queryParser.QueryParser,44.0,96.0,1892.0,5.073995590209961,4.0,9.090909004211426,40.11975860595703,41.875,898.0,0.9492600560188293,298.0,15.750528335571289,0.208612975391498,0.00119808330107725,11.0,33.0,44.0,1
org.apache.lucene.queryParser.QueryParserConstants,2.0,1.0,2.0,50.0,1.0,50.0,4.3912177085876465,89.7959213256836,0.5,0.5,0.0,0.0,0.0,0.0,2.0,0.0,2.0,0
org.apache.lucene.queryParser.QueryParserTokenManager,5.0,4.0,20.0,20.0,1.0,20.0,4.3912177085876465,80.0,8.0,0.800000011920929,0.0,0.0,1.0,0.0,1.0,4.0,5.0,1
org.apache.lucene.queryParser.Token,4.0,3.0,12.0,25.0,1.0,25.0,4.690618991851807,77.04917907714844,4.5,0.75,0.0,0.0,0.0,0.0,4.0,0.0,4.0,1
org.apache.lucene.queryParser.TokenMgrError,2.0,1.0,2.0,50.0,1.0,50.0,4.3912177085876465,89.7959213256836,0.5,0.5,0.0,0.0,0.0,0.0,2.0,0.0,2.0,1
org.apache.lucene.search.BooleanClause,16.0,42.0,240.0,17.5,1.0,6.25,18.862276077270508,45.76271057128906,99.0,0.824999988079071,1.0,0.4166666567325592,0.18287037037037,1.66167830838489e-06,15.0,2.0,17.0,0
org.apache.lucene.search.BooleanQuery,39.0,140.0,1482.0,9.446693420410156,1.0,2.5641026496887207,34.93014144897461,37.19447326660156,671.0,0.9055330753326416,190.39999389648438,12.847503662109375,0.227174694464414,0.0120573059722108,32.0,11.0,43.0,1
org.apache.lucene.search.BooleanScorer,8.0,11.0,56.0,19.64285659790039,1.0,12.5,9.381237983703613,47.715736389160156,22.5,0.8035714030265808,3.0,5.357142925262451,0.147732585320243,0.00171385500726818,1.0,7.0,8.0,1
org.apache.lucene.search.BooleanScorer2,16.0,39.0,240.0,16.25,1.0,6.25,9.780439376831055,41.00418472290039,100.5,0.8374999761581421,49.33333206176758,20.55555534362793,0.153026634382566,0.00736273041662263,5.0,15.0,20.0,1
org.apache.lucene.search.CachingSpanFilter,4.0,3.0,12.0,25.0,1.0,25.0,18.46307373046875,88.94230651855469,4.5,0.75,0.0,0.0,0.196913580246913,0.0,0.0,4.0,4.0,1
org.apache.lucene.search.CachingWrapperFilter,5.0,4.0,20.0,20.0,1.0,20.0,21.257484436035156,82.2393798828125,8.0,0.800000011920929,2.0,10.0,0.196284829721362,0.000104158557839431,2.0,3.0,5.0,1
org.apache.lucene.search.ComplexExplanation,11.0,10.0,110.0,9.090909004211426,1.0,9.090909004211426,6.986027717590332,45.16128921508789,50.0,0.9090909361839294,0.0,0.0,1.0,0.0,10.0,1.0,11.0,1
org.apache.lucene.search.ConjunctionScorer,6.0,9.0,30.0,30.0,1.0,16.66666603088379,7.8842315673828125,47.590362548828125,10.5,0.699999988079071,4.0,13.333333015441895,0.146228597871355,0.000584744596720644,3.0,4.0,7.0,1
org.apache.lucene.search.ConstantScoreQuery,9.0,23.0,72.0,31.94444465637207,1.0,11.11111068725586,27.045907974243164,56.57619857788086,24.5,0.6805555820465088,8.833333015441895,12.268518447875977,0.221067221067221,0.000227584304449371,4.0,6.0,10.0,1
org.apache.lucene.search.ConstantScoreRangeQuery,7.0,10.0,42.0,23.809524536132812,1.0,14.285714149475098,27.644710540771484,64.4186019897461,16.0,0.761904776096344,6.5,15.476190567016602,0.212459016393442,0.000215636974124894,2.0,5.0,7.0,1
org.apache.lucene.search.DefaultSimilarity,6.0,3.0,30.0,10.0,3.0,50.0,8.982035636901855,74.38016510009766,13.5,0.8999999761581421,2.0,6.666666507720947,0.144821264894592,0.000316300466001064,6.0,1.0,7.0,0
org.apache.lucene.search.DisjunctionMaxQuery,8.0,22.0,56.0,39.28571319580078,1.0,12.5,26.8463077545166,54.8979606628418,17.0,0.6071428656578064,3.8333332538604736,6.845238208770752,0.224016853932584,3.1981648097243e-05,3.0,6.0,9.0,1
org.apache.lucene.search.DisjunctionMaxScorer,4.0,5.0,12.0,41.66666793823242,1.0,25.0,7.8842315673828125,51.298702239990234,3.5,0.5833333134651184,0.0,0.0,0.145747126436781,0.0,1.0,3.0,4.0,1
org.apache.lucene.search.DisjunctionSumScorer,7.0,10.0,42.0,23.809524536132812,1.0,14.285714149475098,9.281436920166016,48.186527252197266,16.0,0.761904776096344,4.0,9.523809432983398,0.14677194612169,0.000953138677689575,2.0,5.0,7.0,1
org.apache.lucene.search.DocIdSet,20.0,35.0,380.0,9.210526466369629,1.0,5.0,9.680638313293457,42.173912048339844,172.5,0.9078947305679321,7.333333492279053,1.9298245906829834,1.0,2.31535090388811e-05,19.0,1.0,20.0,1
org.apache.lucene.search.DocIdSetIterator,16.0,30.0,240.0,12.5,1.0,6.25,9.980039596557617,52.356021881103516,105.0,0.875,0.0,0.0,0.0,0.0,16.0,0.0,16.0,1
org.apache.lucene.search.ExactPhraseScorer,8.0,13.0,56.0,23.214284896850586,1.0,12.5,10.778443336486816,58.064517974853516,21.5,0.7678571343421936,6.0,10.714285850524902,0.182961692395654,4.83548387740004e-05,2.0,6.0,8.0,1
org.apache.lucene.search.Explanation,42.0,113.0,1722.0,6.562137126922607,1.0,2.3809523582458496,14.970060348510742,25.817556381225586,804.5,0.9343786239624023,0.0,0.0,0.0,0.0,42.0,0.0,42.0,1
org.apache.lucene.search.ExtendedFieldCache,6.0,6.0,30.0,20.0,1.0,16.66666603088379,20.15968132019043,84.87394714355469,12.0,0.800000011920929,4.0,13.333333015441895,0.223796033994334,0.00339979381895549,2.0,5.0,7.0,1
org.apache.lucene.search.ExtendedFieldCacheImpl,12.0,19.0,132.0,14.393939018249512,1.0,8.333333015441895,19.361276626586914,71.85185241699219,56.5,0.8560606241226196,31.0,23.484848022460938,0.227011494252873,0.00223299654437379,4.0,12.0,16.0,1
org.apache.lucene.search.FieldCache,17.0,29.0,272.0,10.661765098571777,1.0,5.882352828979492,21.257484436035156,67.83439636230469,121.5,0.8933823704719543,62.0,22.794116973876953,0.218081435472739,0.00801144962821609,11.0,8.0,19.0,1
org.apache.lucene.search.FieldCacheImpl,23.0,45.0,506.0,8.893280982971191,1.0,4.34782600402832,19.66067886352539,58.11209487915039,230.5,0.9110671877861023,186.5,36.85770797729492,0.220362622036262,0.00532621071543227,10.0,22.0,32.0,1
org.apache.lucene.search.FieldDoc,4.0,3.0,12.0,25.0,2.0,50.0,3.8922154903411865,60.0,4.5,0.75,1.0,8.333333015441895,1.0,9.97006985030937e-07,3.0,1.0,4.0,1
org.apache.lucene.search.FieldDocSortedHitQueue,6.0,6.0,30.0,20.0,2.0,33.33333206176758,4.491017818450928,53.57143020629883,12.0,0.800000011920929,4.5,15.0,0.143050541516245,6.64671323353958e-06,3.0,3.0,6.0,0
org.apache.lucene.search.FieldSortedHitQueue,22.0,37.0,462.0,8.008658409118652,1.0,4.545454502105713,22.754491806030273,62.80991744995117,212.5,0.9199134111404419,30.0,6.49350643157959,0.237237237237237,0.0176897639873365,2.0,21.0,23.0,1
org.apache.lucene.search.Filter,44.0,87.0,1892.0,4.598308563232422,1.0,2.2727272510528564,26.74650764465332,39.1812858581543,902.5,0.954016923904419,80.33333587646484,4.24594783782959,0.196029776674937,0.00612604827265367,41.0,3.0,44.0,1
org.apache.lucene.search.FilterManager,5.0,5.0,20.0,25.0,1.0,20.0,4.590818405151367,82.14286041259766,7.5,0.75,7.0,35.0,0.165545783755819,0.00047956035979988,4.0,3.0,7.0,1
org.apache.lucene.search.FilteredQuery,13.0,29.0,156.0,18.58974266052246,2.0,15.384614944458008,30.039920806884766,50.25041580200195,63.5,0.8141025900840759,25.66666603088379,16.452991485595703,0.221527777777777,0.000434578032107422,6.0,8.0,14.0,1
org.apache.lucene.search.FilteredTermEnum,9.0,17.0,72.0,23.61111068725586,1.0,11.11111068725586,14.670659065246582,55.681819915771484,27.5,0.7638888955116272,2.5,3.472222328186035,1.0,1.71983704917836e-06,7.0,2.0,9.0,0
org.apache.lucene.search.FuzzyQuery,14.0,36.0,182.0,19.78022003173828,1.0,7.142857074737549,31.63672637939453,47.66917419433594,73.0,0.8021978139877319,11.333333015441895,6.227106094360352,0.216955941255006,0.000158832853906643,2.0,12.0,14.0,1
org.apache.lucene.search.FuzzyTermEnum,6.0,11.0,30.0,36.66666793823242,1.0,16.66666603088379,24.95009994506836,59.382423400878906,9.5,0.6333333253860474,1.3333333730697632,4.44444465637207,0.195092024539877,3.32335661676979e-06,2.0,4.0,6.0,1
org.apache.lucene.search.Hit,4.0,4.0,12.0,33.33333206176758,1.0,25.0,9.481038093566895,71.42857360839844,4.0,0.6666666865348816,1.0,8.333333015441895,0.195665634674922,6.28881329019514e-06,1.0,3.0,4.0,0
org.apache.lucene.search.HitCollector,27.0,41.0,702.0,5.840456008911133,2.0,7.407407283782959,13.772455215454102,39.093482971191406,330.5,0.9415954351425171,0.0,0.0,0.0,0.0,27.0,0.0,27.0,1
org.apache.lucene.search.HitDoc,2.0,1.0,2.0,50.0,1.0,50.0,7.784430980682373,82.97872161865234,0.5,0.5,0.0,0.0,0.333333333333333,0.0,1.0,1.0,2.0,0
org.apache.lucene.search.HitIterator,2.0,1.0,2.0,50.0,1.0,50.0,2.4950098991394043,86.20689392089844,0.5,0.5,1.0,50.0,0.194222495390288,0.000427715996578272,1.0,2.0,3.0,0
org.apache.lucene.search.HitQueue,6.0,8.0,30.0,26.66666603088379,1.0,16.66666603088379,5.98802375793457,57.69230651855469,11.0,0.7333333492279053,1.5,5.0,1.0,1.66167830838489e-06,4.0,2.0,6.0,1
org.apache.lucene.search.Hits,25.0,73.0,600.0,12.166666984558105,1.0,4.0,38.22355270385742,44.328704833984375,263.5,0.878333330154419,107.33333587646484,17.88888931274414,0.24048706240487,0.0109450744765377,13.0,14.0,27.0,1
org.apache.lucene.search.IdGenerator,2.0,1.0,2.0,50.0,1.0,50.0,18.063871383666992,97.31182861328125,0.5,0.5,0.0,0.0,0.194359288779889,0.0,1.0,1.0,2.0,0
org.apache.lucene.search.IndexSearcher,38.0,146.0,1406.0,10.384068489074707,1.0,2.6315789222717285,50.499000549316406,36.79999923706055,630.0,0.896159291267395,185.98333740234375,13.227832794189453,0.251392203659506,0.0215496804601611,18.0,20.0,38.0,1
org.apache.lucene.search.MatchAllDocsQuery,8.0,12.0,56.0,21.428571701049805,2.0,25.0,16.76646614074707,55.4455451965332,22.0,0.7857142686843872,12.5,22.321428298950195,0.193920972644376,0.000146749527815816,4.0,5.0,9.0,1
org.apache.lucene.search.MultiPhraseQuery,15.0,52.0,210.0,24.761905670166016,1.0,6.666666507720947,33.73253631591797,42.09215545654297,79.0,0.7523809671401978,14.833333015441895,7.063492298126221,0.22805805114029,0.000420071738755696,6.0,10.0,16.0,1
org.apache.lucene.search.MultiSearcher,22.0,66.0,462.0,14.285714149475098,1.0,4.545454502105713,35.82834243774414,44.485748291015625,198.0,0.8571428656578064,23.83333396911621,5.1587300300598145,0.200501253132832,0.000389844180523691,2.0,21.0,23.0,1
org.apache.lucene.search.MultiSearcherThread,12.0,24.0,132.0,18.18181800842285,1.0,8.333333015441895,12.47504997253418,52.30125427246094,54.0,0.8181818127632141,0.3333333432674408,0.2525252401828766,0.181922196796338,6.64671323353958e-07,1.0,11.0,12.0,0
org.apache.lucene.search.MultiTermQuery,11.0,28.0,110.0,25.454545974731445,1.0,9.090909004211426,28.842315673828125,48.08652114868164,41.0,0.7454545497894287,6.5,5.909090995788574,0.214285714285714,6.28478387246565e-05,3.0,8.0,11.0,1
org.apache.lucene.search.NonMatchingScorer,4.0,5.0,12.0,41.66666793823242,1.0,25.0,7.8842315673828125,49.375,3.5,0.5833333134651184,0.0,0.0,0.145756457564575,0.0,1.0,3.0,4.0,1
org.apache.lucene.search.ParallelMultiSearcher,16.0,41.0,240.0,17.08333396911621,1.0,6.25,28.143712997436523,53.91969299316406,99.5,0.8291666507720947,14.0,5.833333492279053,0.193297426690604,0.00032003924219493,1.0,16.0,17.0,1
org.apache.lucene.search.PhrasePositions,5.0,8.0,20.0,40.0,1.0,20.0,3.692614793777466,60.655738830566406,6.0,0.6000000238418579,1.0,5.0,0.444444444444444,3.98802794012374e-06,4.0,1.0,5.0,0
org.apache.lucene.search.PhraseQuery,13.0,31.0,156.0,19.871795654296875,1.0,7.692307472229004,27.245508193969727,49.367088317871094,62.5,0.8012820482254028,18.66666603088379,11.965811729431152,0.196385542168674,0.000214101723951086,7.0,7.0,14.0,1
org.apache.lucene.search.PhraseQueue,5.0,5.0,20.0,25.0,2.0,40.0,3.0938124656677246,62.0,7.5,0.75,3.0,15.0,0.4,6.97904889521656e-06,3.0,2.0,5.0,0
org.apache.lucene.search.PhraseScorer,9.0,16.0,72.0,22.22222137451172,1.0,11.11111068725586,11.5768461227417,46.58634567260742,28.0,0.7777777910232544,2.0,2.777777671813965,0.182912844036697,3.65569227844676e-06,2.0,7.0,9.0,1
org.apache.lucene.search.PrefixFilter,7.0,7.0,42.0,16.66666603088379,1.0,14.285714149475098,26.546905517578125,65.51724243164062,17.5,0.8333333134651184,8.5,20.238094329833984,0.199261992619926,0.000321534752672477,2.0,7.0,9.0,0
org.apache.lucene.search.PrefixGenerator,7.0,9.0,42.0,21.428571701049805,1.0,14.285714149475098,24.35129737854004,57.14285659790039,16.5,0.7857142686843872,8.0,19.047618865966797,0.195211786372007,0.000315054207269776,2.0,5.0,7.0,0
org.apache.lucene.search.PrefixQuery,10.0,23.0,90.0,25.55555534362793,1.0,10.0,31.53692626953125,45.53314208984375,33.5,0.7444444298744202,3.3333332538604736,3.7037036418914795,0.213903743315508,6.61610546480178e-05,2.0,8.0,10.0,1
org.apache.lucene.search.Query,117.0,450.0,13572.0,3.31564998626709,1.0,0.8547008633613586,48.70259475708008,25.258798599243164,6561.0,0.9668434858322144,633.2706298828125,4.666007995605469,0.223321554770318,0.0227056222644756,114.0,7.0,121.0,1
org.apache.lucene.search.QueryFilter,4.0,3.0,12.0,25.0,1.0,25.0,14.371257781982422,81.3559341430664,4.5,0.75,0.0,0.0,0.198165137614678,0.0,0.0,4.0,4.0,0
org.apache.lucene.search.QueryTermVector,4.0,2.0,12.0,16.66666603088379,2.0,50.0,18.46307373046875,60.855262756347656,5.0,0.8333333134651184,0.0,0.0,0.75,0.0,0.0,4.0,4.0,0
org.apache.lucene.search.QueryWrapperFilter,11.0,16.0,110.0,14.545454978942871,1.0,9.090909004211426,28.143712997436523,61.03895950317383,47.0,0.8545454740524292,24.16666603088379,21.969696044921875,0.237989652623798,0.000947602134562409,4.0,9.0,13.0,1
org.apache.lucene.search.RangeFilter,9.0,12.0,72.0,16.66666603088379,1.0,11.11111068725586,26.946107864379883,52.83757400512695,30.0,0.8333333134651184,8.0,11.11111068725586,0.197897340754483,0.000240309938770161,2.0,7.0,9.0,1
org.apache.lucene.search.RangeQuery,10.0,23.0,90.0,25.55555534362793,1.0,10.0,31.53692626953125,45.53314208984375,33.5,0.7444444298744202,3.3333332538604736,3.7037036418914795,0.213903743315508,6.61610546480178e-05,2.0,8.0,10.0,1
org.apache.lucene.search.RemoteCachingWrapperFilter,4.0,3.0,12.0,25.0,1.0,25.0,20.85828399658203,84.2741928100586,4.5,0.75,0.0,0.0,0.197781885397412,0.0,0.0,4.0,4.0,1
org.apache.lucene.search.RemoteSearchable,14.0,28.0,182.0,15.384614944458008,1.0,7.142857074737549,33.133731842041016,51.15562438964844,77.0,0.8461538553237915,0.0,0.0,0.209656084656084,0.0,0.0,14.0,14.0,1
org.apache.lucene.search.RemoteSearchable_Stub,13.0,16.0,156.0,10.256410598754883,1.0,7.692307472229004,32.83433151245117,53.846153259277344,70.0,0.8974359035491943,0.0,0.0,0.190276110444177,0.0,0.0,13.0,13.0,0
org.apache.lucene.search.ReqExclScorer,4.0,5.0,12.0,41.66666793823242,1.0,25.0,7.8842315673828125,49.375,3.5,0.5833333134651184,0.0,0.0,0.145756457564575,0.0,1.0,3.0,4.0,1
org.apache.lucene.search.ReqOptSumScorer,4.0,5.0,12.0,41.66666793823242,1.0,25.0,7.8842315673828125,49.375,3.5,0.5833333134651184,0.0,0.0,0.145756457564575,0.0,1.0,3.0,4.0,1
org.apache.lucene.search.ScoreDoc,26.0,49.0,650.0,7.538461685180664,1.0,3.846153736114502,8.083832740783691,33.891212463378906,300.5,0.9246153831481934,0.0,0.0,0.0,0.0,26.0,0.0,26.0,1
org.apache.lucene.search.ScoreDocComparator,16.0,27.0,240.0,11.25,1.0,6.25,3.8922154903411865,39.39393997192383,106.5,0.887499988079071,30.0,12.5,1.0,0.000894414966271253,15.0,3.0,18.0,0
org.apache.lucene.search.Scorer,40.0,119.0,1560.0,7.628205299377441,1.0,2.5,18.263473510742188,32.67856979370117,720.5,0.9237179756164551,68.16666412353516,4.36965799331665,0.14548802946593,0.00137157926584631,36.0,4.0,40.0,1
org.apache.lucene.search.Searchable,18.0,68.0,306.0,22.22222137451172,1.0,5.55555534362793,33.33333206176758,46.13259506225586,119.0,0.7777777910232544,11.333333015441895,3.7037036418914795,0.189789789789789,0.000111378978658535,6.0,12.0,18.0,1
org.apache.lucene.search.Searcher,54.0,236.0,2862.0,8.24598217010498,1.0,1.8518518209457397,42.31536865234375,32.61538314819336,1313.0,0.9175401926040649,416.3666687011719,14.548101425170898,0.202954399486191,0.0208338017400371,43.0,14.0,57.0,1
org.apache.lucene.search.Similarity,62.0,185.0,3782.0,4.891591548919678,2.0,3.225806474685669,43.013973236083984,35.82709884643555,1798.5,0.9510840773582458,545.6166381835938,14.42667007446289,0.169255490091055,0.0109393133110338,60.0,4.0,64.0,1
org.apache.lucene.search.SimilarityDelegator,3.0,2.0,6.0,33.33333206176758,1.0,33.33333206176758,6.187624931335449,91.17646789550781,2.0,0.6666666865348816,0.0,0.0,0.145087235996326,0.0,2.0,1.0,3.0,1
org.apache.lucene.search.SloppyPhraseScorer,8.0,13.0,56.0,23.214284896850586,1.0,12.5,10.778443336486816,58.064517974853516,21.5,0.7678571343421936,6.0,10.714285850524902,0.182961692395654,4.83548387740004e-05,2.0,6.0,8.0,1
org.apache.lucene.search.Sort,14.0,25.0,182.0,13.736263275146484,1.0,7.142857074737549,10.379241943359375,37.68115997314453,78.5,0.8626373410224915,7.5,4.120879173278809,0.141958670260557,0.000797509613219311,13.0,1.0,14.0,1
org.apache.lucene.search.SortComparator,7.0,10.0,42.0,23.809524536132812,1.0,14.285714149475098,20.25948143005371,80.55555725097656,16.0,0.761904776096344,14.5,34.52381134033203,0.215846994535519,0.000880058065686808,4.0,5.0,9.0,1
org.apache.lucene.search.SortComparatorSource,6.0,9.0,30.0,30.0,1.0,16.66666603088379,20.359281539916992,85.0,10.5,0.699999988079071,2.0,6.666666507720947,0.197007481296758,0.00196832697984241,4.0,2.0,6.0,1
org.apache.lucene.search.SortField,10.0,16.0,90.0,17.77777862548828,1.0,10.0,5.4890217781066895,42.96875,37.0,0.8222222328186035,7.5,8.333333015441895,0.165013054830287,0.00203252968705291,9.0,1.0,10.0,1
org.apache.lucene.search.SpanFilter,5.0,5.0,20.0,25.0,1.0,20.0,20.658681869506836,86.61087799072266,7.5,0.75,2.0,10.0,0.196538936959208,5.98204191018562e-06,2.0,3.0,5.0,0
org.apache.lucene.search.SpanFilterResult,4.0,4.0,12.0,33.33333206176758,1.0,25.0,2.4950098991394043,67.56756591796875,4.0,0.6666666865348816,1.0,8.333333015441895,0.666666666666666,8.30839154192447e-07,3.0,1.0,4.0,0
org.apache.lucene.search.SpanQueryFilter,8.0,6.0,56.0,10.714285850524902,2.0,25.0,21.057884216308594,75.35713958740234,25.0,0.8928571343421936,0.0,0.0,0.211168164313222,0.0,0.0,8.0,8.0,1
org.apache.lucene.search.TermQuery,31.0,94.0,930.0,10.107526779174805,1.0,3.225806474685669,30.538921356201172,39.33161926269531,418.0,0.898924708366394,87.0,9.354838371276855,0.194157029823493,0.000868115556957405,26.0,6.0,32.0,1
org.apache.lucene.search.TermScorer,10.0,22.0,90.0,24.44444465637207,1.0,10.0,26.64670753479004,48.021583557128906,34.0,0.7555555701255798,0.8333333134651184,0.9259259104728699,0.185897435897435,3.32335661676979e-07,1.0,9.0,10.0,1
org.apache.lucene.search.TimeLimitedCollector,4.0,2.0,12.0,16.66666603088379,2.0,50.0,2.994011878967285,88.23529052734375,5.0,0.8333333134651184,2.0,16.66666603088379,1.0,1.99401397006187e-06,1.0,4.0,5.0,1
org.apache.lucene.search.TopDocCollector,8.0,13.0,56.0,23.214284896850586,1.0,12.5,9.580838203430176,60.0,21.5,0.7678571343421936,5.833333492279053,10.416666984558105,1.0,0.000572198240683321,3.0,5.0,8.0,1
org.apache.lucene.search.TopDocs,17.0,46.0,272.0,16.91176414489746,1.0,5.882352828979492,10.678642272949219,33.542320251464844,113.0,0.8308823704719543,2.5833332538604736,0.9497548937797546,1.0,0.000104643218569919,16.0,1.0,17.0,1
org.apache.lucene.search.TopFieldDocCollector,11.0,19.0,110.0,17.272727966308594,1.0,9.090909004211426,23.652694702148438,67.32954406738281,45.5,0.8272727131843567,3.0833332538604736,2.803030252456665,0.233210332103321,0.0186311777101595,1.0,10.0,11.0,1
org.apache.lucene.search.TopFieldDocs,14.0,38.0,182.0,20.879121780395508,1.0,7.142857074737549,9.980039596557617,34.482757568359375,72.0,0.791208803653717,9.166666984558105,5.036630153656006,0.142470694319206,0.000758583825944777,11.0,3.0,14.0,0
org.apache.lucene.search.Weight,48.0,202.0,2256.0,8.953900337219238,1.0,2.0833332538604736,34.131736755371094,31.93277359008789,1027.0,0.9104610085487366,74.19999694824219,3.2890071868896484,0.209133024487094,0.00369018816394998,45.0,4.0,49.0,1
org.apache.lucene.search.WildcardQuery,11.0,24.0,110.0,21.81818199157715,1.0,9.090909004211426,31.137723922729492,53.2423210144043,43.0,0.7818182110786438,15.5,14.090909004211426,0.211664482306684,0.00018269281692924,4.0,7.0,11.0,1
org.apache.lucene.search.WildcardTermEnum,5.0,8.0,20.0,40.0,1.0,20.0,24.151697158813477,60.34912872314453,6.0,0.6000000238418579,0.3333333432674408,1.6666666269302368,0.195092024539877,5.56662233308939e-07,1.0,4.0,5.0,1
org.apache.lucene.search.function.ByteFieldSource,7.0,6.0,42.0,14.285714149475098,2.0,28.571428298950195,19.461078643798828,83.33333587646484,18.0,0.8571428656578064,10.0,23.809524536132812,0.216891891891891,0.000360848874535786,2.0,6.0,8.0,1
org.apache.lucene.search.function.CustomScoreQuery,9.0,25.0,72.0,34.72222137451172,1.0,11.11111068725586,27.045907974243164,55.41922378540039,23.5,0.6527777910232544,2.8333332538604736,3.935185194015503,0.22298221614227,3.19596127979361e-05,2.0,8.0,10.0,1
org.apache.lucene.search.function.DocValues,16.0,21.0,240.0,8.75,1.0,6.25,6.68662691116333,55.83333206176758,109.5,0.9125000238418579,14.0,5.833333492279053,1.0,1.45812271560774e-05,15.0,1.0,16.0,1
org.apache.lucene.search.function.FieldCacheSource,8.0,15.0,56.0,26.785715103149414,1.0,12.5,19.261476516723633,77.82257843017578,20.5,0.7321428656578064,4.0,7.142857074737549,0.215832205683355,7.97605588024749e-06,4.0,4.0,8.0,1
org.apache.lucene.search.function.FieldScoreQuery,7.0,1.0,42.0,2.3809523582458496,6.0,85.71428680419922,2.894211530685425,60.41666793823242,20.5,0.976190447807312,0.0,0.0,0.200120192307692,0.0,0.0,7.0,7.0,1
org.apache.lucene.search.function.FloatFieldSource,7.0,6.0,42.0,14.285714149475098,2.0,28.571428298950195,19.461078643798828,83.33333587646484,18.0,0.8571428656578064,10.0,23.809524536132812,0.216891891891891,0.000360848874535786,2.0,6.0,8.0,1
org.apache.lucene.search.function.IntFieldSource,7.0,6.0,42.0,14.285714149475098,2.0,28.571428298950195,19.461078643798828,83.33333587646484,18.0,0.8571428656578064,10.0,23.809524536132812,0.216891891891891,0.000360848874535786,2.0,6.0,8.0,1
org.apache.lucene.search.function.OrdFieldSource,6.0,5.0,30.0,16.66666603088379,1.0,16.66666603088379,19.361276626586914,83.98268127441406,12.5,0.8333333134651184,4.0,13.333333015441895,0.216508795669824,0.000316051214254807,1.0,6.0,7.0,0
org.apache.lucene.search.function.ReverseOrdFieldSource,6.0,5.0,30.0,16.66666603088379,1.0,16.66666603088379,19.361276626586914,83.98268127441406,12.5,0.8333333134651184,4.0,13.333333015441895,0.216508795669824,0.000316051214254807,1.0,6.0,7.0,0
org.apache.lucene.search.function.ShortFieldSource,7.0,6.0,42.0,14.285714149475098,2.0,28.571428298950195,19.461078643798828,83.33333587646484,18.0,0.8571428656578064,10.0,23.809524536132812,0.216891891891891,0.000360848874535786,2.0,6.0,8.0,1
org.apache.lucene.search.function.ValueSource,8.0,11.0,56.0,19.64285659790039,1.0,12.5,19.461078643798828,80.24691009521484,22.5,0.8035714030265808,2.5,4.464285850524902,0.195092024539877,3.95633736095669e-05,6.0,2.0,8.0,0
org.apache.lucene.search.function.ValueSourceQuery,11.0,28.0,110.0,25.454545974731445,1.0,9.090909004211426,26.24750518798828,55.83864212036133,41.0,0.7454545497894287,17.0,15.454545021057129,0.221763085399449,0.000164650560287857,5.0,7.0,12.0,1
org.apache.lucene.search.payloads.BoostingTermQuery,6.0,9.0,30.0,30.0,1.0,16.66666603088379,18.662673950195312,66.31205749511719,10.5,0.699999988079071,2.8333332538604736,9.44444465637207,0.193357058125741,2.92882670983611e-05,2.0,5.0,7.0,1
org.apache.lucene.search.payloads.PayloadSpanUtil,15.0,39.0,210.0,18.571428298950195,1.0,6.666666507720947,29.24151611328125,43.666168212890625,85.5,0.8142856955528259,0.0,0.0,0.225396825396825,0.0,0.0,15.0,15.0,1
org.apache.lucene.search.spans.NearSpansOrdered,7.0,10.0,42.0,23.809524536132812,1.0,14.285714149475098,20.15968132019043,74.26470947265625,16.0,0.761904776096344,10.0,23.809524536132812,0.210191082802547,0.000517280457400217,3.0,6.0,9.0,1
org.apache.lucene.search.spans.NearSpansUnordered,6.0,7.0,30.0,23.33333396911621,1.0,16.66666603088379,19.760478973388672,77.9527587890625,11.5,0.7666666507720947,9.5,31.66666603088379,0.210593490746649,0.000555658104845444,3.0,6.0,9.0,1
org.apache.lucene.search.spans.PayloadSpans,16.0,40.0,240.0,16.66666603088379,1.0,6.25,5.78842306137085,30.851064682006836,100.0,0.8333333134651184,3.200000047683716,1.3333333730697632,1.0,3.0242545212605e-06,15.0,1.0,16.0,1
org.apache.lucene.search.spans.SpanFirstQuery,10.0,14.0,90.0,15.55555534362793,2.0,20.0,25.848302841186523,62.409637451171875,38.0,0.8444444537162781,12.5,13.88888931274414,0.211664482306684,0.000206518343620762,4.0,7.0,11.0,1
org.apache.lucene.search.spans.SpanNearQuery,16.0,42.0,240.0,17.5,1.0,6.25,26.8463077545166,52.952754974365234,99.0,0.824999988079071,37.25,15.520833015441895,0.21484375,0.000444736150273128,9.0,9.0,18.0,1
org.apache.lucene.search.spans.SpanNotQuery,8.0,11.0,56.0,19.64285659790039,2.0,25.0,25.64870262145996,64.89898681640625,22.5,0.8035714030265808,5.5,9.821428298950195,0.211664482306684,0.000133019938214743,2.0,7.0,9.0,1
org.apache.lucene.search.spans.SpanOrQuery,15.0,39.0,210.0,18.571428298950195,1.0,6.666666507720947,27.145708084106445,54.29141616821289,85.5,0.8142856955528259,30.5,14.523809432983398,0.212459016393442,0.000610664440472357,9.0,7.0,16.0,1
org.apache.lucene.search.spans.SpanQuery,35.0,118.0,1190.0,9.915966033935547,1.0,2.857142925262451,29.341318130493164,40.0,536.0,0.9008403420448303,99.76667022705078,8.383753776550293,0.221379310344827,0.00292751399228524,29.0,7.0,36.0,1
org.apache.lucene.search.spans.SpanScorer,7.0,13.0,42.0,30.952381134033203,1.0,14.285714149475098,10.678642272949219,45.53191375732422,14.5,0.6904761791229248,0.5,1.1904761791229248,0.181714285714285,8.30839154192447e-07,2.0,5.0,7.0,1
org.apache.lucene.search.spans.SpanTermQuery,18.0,37.0,306.0,12.091503143310547,1.0,5.55555534362793,29.14171600341797,50.5190315246582,134.5,0.8790849447250366,42.83333206176758,13.997821807861328,0.208252740167633,0.00061502276590567,10.0,8.0,18.0,1
org.apache.lucene.search.spans.SpanWeight,13.0,37.0,156.0,23.71794891357422,1.0,7.692307472229004,33.133731842041016,43.3986930847168,59.5,0.7628205418586731,6.166666507720947,3.952991485595703,0.22260748959778,0.000140167593375979,2.0,12.0,14.0,1
org.apache.lucene.search.spans.Spans,19.0,41.0,342.0,11.988304138183594,1.0,5.263157844543457,8.083832740783691,34.46808624267578,150.5,0.8801169395446777,0.0,0.0,0.0,0.0,19.0,0.0,19.0,1
org.apache.lucene.search.spans.TermSpans,6.0,7.0,30.0,23.33333396911621,1.0,16.66666603088379,16.866268157958984,74.4493408203125,11.5,0.7666666507720947,3.0,10.0,0.6,1.97027570851351e-06,3.0,3.0,6.0,1
org.apache.lucene.store.AlreadyClosedException,5.0,8.0,20.0,40.0,1.0,20.0,27.944110870361328,72.16494750976562,6.0,0.6000000238418579,0.0,0.0,0.0,0.0,5.0,0.0,5.0,0
org.apache.lucene.store.BufferedIndexInput,4.0,2.0,12.0,16.66666603088379,2.0,50.0,4.291417121887207,84.31372833251953,5.0,0.8333333134651184,1.0,8.333333015441895,1.0,9.97006985030937e-07,3.0,1.0,4.0,0
org.apache.lucene.store.BufferedIndexOutput,2.0,0.0,2.0,0.0,2.0,100.0,2.994011878967285,96.7741928100586,1.0,1.0,1.0,50.0,0.5,4.98503492515468e-06,1.0,1.0,2.0,0
org.apache.lucene.store.ChecksumIndexInput,2.0,1.0,2.0,50.0,1.0,50.0,5.98802375793457,85.71428680419922,0.5,0.5,0.0,0.0,1.0,0.0,1.0,1.0,2.0,0
org.apache.lucene.store.ChecksumIndexOutput,2.0,1.0,2.0,50.0,1.0,50.0,5.389221668243408,91.52542114257812,0.5,0.5,0.0,0.0,0.5,0.0,1.0,1.0,2.0,0
org.apache.lucene.store.Directory,76.0,266.0,5700.0,4.666666507720947,1.0,1.3157894611358643,46.50698471069336,34.49296951293945,2717.0,0.95333331823349,218.97897338867188,3.841736316680908,0.642857142857142,0.00110719781396406,71.0,5.0,76.0,1
org.apache.lucene.store.FSDirectory,27.0,42.0,702.0,5.982905864715576,4.0,14.814814567565918,35.12974166870117,57.704917907714844,330.0,0.94017094373703,128.75,18.340456008911133,0.585365853658536,0.00607333468203617,17.0,10.0,27.0,1
org.apache.lucene.store.IndexInput,40.0,106.0,1560.0,6.794871807098389,1.0,2.5,31.936128616333008,44.13793182373047,727.0,0.9320513010025024,0.0,0.0,0.0,0.0,40.0,0.0,40.0,1
org.apache.lucene.store.IndexOutput,29.0,76.0,812.0,9.35960578918457,2.0,6.896551609039307,17.664670944213867,37.02928924560547,368.0,0.9064039587974548,48.58333206176758,5.983169078826904,0.8,0.00130585952224307,26.0,3.0,29.0,1
org.apache.lucene.store.Lock,19.0,31.0,342.0,9.064327239990234,1.0,5.263157844543457,26.24750518798828,64.77832794189453,155.5,0.9093567132949829,11.5,3.3625731468200684,1.0,6.26286554430267e-05,18.0,1.0,19.0,1
org.apache.lucene.store.LockFactory,10.0,17.0,90.0,18.88888931274414,1.0,10.0,9.780439376831055,60.49382781982422,36.5,0.8111110925674438,0.5333333611488342,0.5925925970077515,0.666666666666666,5.91557477785022e-06,9.0,1.0,10.0,1
org.apache.lucene.store.LockObtainFailedException,8.0,12.0,56.0,21.428571701049805,1.0,12.5,23.453094482421875,77.55775451660156,22.0,0.7857142686843872,0.0,0.0,0.0,0.0,8.0,0.0,8.0,0
org.apache.lucene.store.LockReleaseFailedException,2.0,0.0,2.0,0.0,2.0,100.0,0.49900200963020325,83.33333587646484,1.0,1.0,0.0,0.0,0.0,0.0,2.0,0.0,2.0,0
org.apache.lucene.store.LockStressTest,6.0,8.0,30.0,26.66666603088379,1.0,16.66666603088379,2.1956088542938232,43.13725662231445,11.0,0.7333333492279053,0.0,0.0,0.666666666666666,0.0,0.0,6.0,6.0,0
org.apache.lucene.store.MMapDirectory,5.0,4.0,20.0,20.0,1.0,20.0,5.98802375793457,81.0810775756836,8.0,0.800000011920929,0.0,0.0,0.411764705882353,0.0,0.0,5.0,5.0,1
org.apache.lucene.store.NIOFSDirectory,3.0,1.0,6.0,16.66666603088379,2.0,66.66666412353516,6.08782434463501,87.14286041259766,2.5,0.8333333134651184,2.0,33.33333206176758,0.4,2.19341536706806e-05,1.0,3.0,4.0,1
org.apache.lucene.store.NativeFSLock,3.0,1.0,6.0,16.66666603088379,2.0,66.66666412353516,2.095808267593384,80.76923370361328,2.5,0.8333333134651184,1.0,16.66666603088379,0.75,0.000222332557661898,1.0,2.0,3.0,0
org.apache.lucene.store.NativeFSLockFactory,5.0,5.0,20.0,25.0,1.0,20.0,4.091816425323486,63.07692337036133,7.5,0.75,2.5,12.5,0.714285714285714,0.00066593419886833,2.0,3.0,5.0,1
org.apache.lucene.store.NoLock,2.0,1.0,2.0,50.0,1.0,50.0,1.996008038520813,86.9565200805664,0.5,0.5,0.0,0.0,0.666666666666666,0.0,1.0,1.0,2.0,0
org.apache.lucene.store.NoLockFactory,4.0,3.0,12.0,25.0,1.0,25.0,3.992016077041626,68.96551513671875,4.5,0.75,1.5,12.5,0.8,0.000443601641206431,1.0,3.0,4.0,0
org.apache.lucene.store.RAMDirectory,12.0,17.0,132.0,12.878787994384766,1.0,8.333333015441895,17.165668487548828,60.13985824584961,57.5,0.8712121248245239,37.0,28.030303955078125,0.483870967741935,0.00162338894901242,4.0,9.0,13.0,1
org.apache.lucene.store.RAMFile,3.0,2.0,6.0,33.33333206176758,1.0,33.33333206176758,1.996008038520813,76.92308044433594,2.0,0.6666666865348816,4.0,66.66666412353516,0.329670329670329,0.0016500465602262,3.0,1.0,4.0,0
org.apache.lucene.store.RAMInputStream,3.0,3.0,6.0,50.0,1.0,33.33333206176758,4.690618991851807,85.45454406738281,1.5,0.5,0.0,0.0,0.256410256410256,0.0,1.0,2.0,3.0,0
org.apache.lucene.store.RAMOutputStream,11.0,19.0,110.0,17.272727966308594,1.0,9.090909004211426,6.38722562789917,48.85496139526367,45.5,0.8272727131843567,18.0,16.363636016845703,0.272727272727272,0.00199038320295805,9.0,2.0,11.0,0
org.apache.lucene.store.SimpleFSLock,3.0,1.0,6.0,16.66666603088379,2.0,66.66666412353516,2.095808267593384,80.76923370361328,2.5,0.8333333134651184,1.0,16.66666603088379,0.75,0.000222332557661898,1.0,2.0,3.0,0
org.apache.lucene.store.SimpleFSLockFactory,5.0,5.0,20.0,25.0,1.0,20.0,4.091816425323486,63.07692337036133,7.5,0.75,2.5,12.5,0.714285714285714,0.00066593419886833,2.0,3.0,5.0,1
org.apache.lucene.store.SingleInstanceLock,2.0,1.0,2.0,50.0,1.0,50.0,1.996008038520813,86.9565200805664,0.5,0.5,0.0,0.0,0.666666666666666,0.0,1.0,1.0,2.0,0
org.apache.lucene.store.SingleInstanceLockFactory,4.0,3.0,12.0,25.0,1.0,25.0,2.894211530685425,67.44186401367188,4.5,0.75,1.5,12.5,0.8,0.000440677087383674,1.0,3.0,4.0,1
org.apache.lucene.store.VerifyingLockFactory,4.0,4.0,12.0,33.33333206176758,1.0,25.0,2.095808267593384,55.26315689086914,4.0,0.6666666865348816,2.0,16.66666603088379,0.8,1.99401397006187e-06,2.0,3.0,5.0,0
org.apache.lucene.util.ArrayUtil,9.0,3.0,72.0,4.166666507720947,7.0,77.77777862548828,14.471057891845703,77.54010772705078,34.5,0.9583333134651184,0.0,0.0,0.0,0.0,9.0,0.0,9.0,1
org.apache.lucene.util.BitUtil,1.0,0.0,0.0,0.0,1.0,100.0,1.5968064069747925,100.0,0.0,0.0,0.0,0.0,0.0,0.0,1.0,0.0,1.0,1
org.apache.lucene.util.BitVector,8.0,17.0,56.0,30.35714340209961,1.0,12.5,14.670659065246582,51.578948974609375,19.5,0.6964285969734192,4.416666507720947,7.886904716491699,0.526315789473684,1.41508946772806e-05,5.0,3.0,8.0,1
org.apache.lucene.util.CloseableThreadLocal,4.0,4.0,12.0,33.33333206176758,1.0,25.0,5.4890217781066895,67.07317352294922,4.0,0.6666666865348816,0.0,0.0,0.0,0.0,4.0,0.0,4.0,1
org.apache.lucene.util.Constants,1.0,0.0,0.0,0.0,1.0,100.0,6.08782434463501,100.0,0.0,0.0,0.0,0.0,0.0,0.0,1.0,0.0,1.0,1
org.apache.lucene.util.DocIdBitSet,4.0,3.0,12.0,25.0,1.0,25.0,5.588822364807129,68.29268646240234,4.5,0.75,2.5,20.83333396911621,1.0,0.00044406790022701,2.0,3.0,5.0,1
org.apache.lucene.util.OpenBitSet,16.0,23.0,240.0,9.583333015441895,2.0,12.5,5.289421081542969,42.74193572998047,108.5,0.9041666388511658,33.0,13.75,1.0,0.000106787163031816,13.0,4.0,17.0,1
org.apache.lucene.util.OpenBitSetDISI,4.0,5.0,12.0,41.66666793823242,1.0,25.0,2.994011878967285,61.224491119384766,3.5,0.5833333134651184,0.0,0.0,0.625,0.0,2.0,2.0,4.0,1
org.apache.lucene.util.OpenBitSetIterator,2.0,1.0,2.0,50.0,1.0,50.0,2.4950098991394043,78.125,0.5,0.5,0.0,0.0,0.666666666666666,0.0,1.0,2.0,3.0,1
org.apache.lucene.util.Parameter,6.0,0.0,30.0,0.0,6.0,100.0,5.389221668243408,67.5,15.0,1.0,0.0,0.0,0.0,0.0,6.0,0.0,6.0,0
org.apache.lucene.util.PriorityQueue,20.0,7.0,380.0,1.8421052694320679,13.0,65.0,9.780439376831055,70.50359344482422,186.5,0.9815789461135864,0.0,0.0,0.0,0.0,20.0,0.0,20.0,1
org.apache.lucene.util.ScorerDocQueue,3.0,2.0,6.0,33.33333206176758,1.0,33.33333206176758,4.091816425323486,83.67346954345703,2.0,0.6666666865348816,1.0,16.66666603088379,0.127883447996762,0.000427715996578272,2.0,2.0,4.0,1
org.apache.lucene.util.SmallFloat,1.0,0.0,0.0,0.0,1.0,100.0,6.187624931335449,100.0,0.0,0.0,0.0,0.0,0.0,0.0,1.0,0.0,1.0,0
org.apache.lucene.util.SortedVIntList,7.0,10.0,42.0,23.809524536132812,2.0,28.571428298950195,3.493013858795166,48.61111068725586,16.0,0.761904776096344,11.0,26.190475463867188,0.777777777777777,1.89431327155878e-05,4.0,5.0,9.0,1
org.apache.lucene.util.StringHelper,1.0,0.0,0.0,0.0,1.0,100.0,1.2974052429199219,100.0,0.0,0.0,0.0,0.0,0.0,0.0,1.0,0.0,1.0,0
org.apache.lucene.util.ToStringUtils,18.0,18.0,306.0,5.882352828979492,6.0,33.33333206176758,10.678642272949219,40.07490539550781,144.0,0.9411764740943909,0.0,0.0,0.0,0.0,18.0,0.0,18.0,1
org.apache.lucene.util.UnicodeUtil,8.0,13.0,56.0,23.214284896850586,1.0,12.5,6.187624931335449,54.86725616455078,21.5,0.7678571343421936,3.5,6.25,1.0,0.000422593279736136,6.0,2.0,8.0,1
org.apache.lucene.util.cache.Cache,5.0,3.0,20.0,15.0,3.0,60.0,1.6966067552566528,70.83333587646484,8.5,0.8500000238418579,4.0,20.0,1.0,0.000435692052458519,5.0,1.0,6.0,0
org.apache.lucene.util.cache.SimpleLRUCache,3.0,0.0,6.0,0.0,3.0,100.0,1.6966067552566528,94.44444274902344,3.0,1.0,3.0,50.0,0.555555555555555,0.00129610908054021,2.0,2.0,4.0,0
org.apache.lucene.util.cache.SimpleMapCache,3.0,1.0,6.0,16.66666603088379,2.0,66.66666412353516,0.6986027956008911,70.0,2.5,0.8333333134651184,2.0,33.33333206176758,0.75,0.00043668905944355,2.0,2.0,4.0,0
